7.730193955137084627e-01,8.363956974413795376e-01,9.039378963033121162e-01,9.760125166809473507e-01,1.053035516842938168e+00,1.135492504310575468e+00,1.223973212408371758e+00,1.319232417865696894e+00,1.422302945864603263e+00,3.136433183609078412e+00,3.045336326497655843e+00,2.941337281483725530e+00,2.812690153478062172e+00,2.607415922497778205e+00,nan,nan,nan,nan,nan,nan,nan,nan,nan,nan,nan,nan,nan,nan,nan,nan,nan,nan,nan,nan,nan,nan,nan,nan,nan,nan,nan,nan,nan,nan,nan,nan,nan,nan,nan,nan
7.574798568196485782e-01,8.225953113310568998e-01,8.921607070006207785e-01,9.665826847862154514e-01,1.046323452562123002e+00,1.131923976371825624e+00,1.224044308818297289e+00,1.323536419643077000e+00,1.431582804520852958e+00,3.125230617621026052e+00,3.028626684052469820e+00,2.916542002289248536e+00,2.772146542375297784e+00,nan,nan,nan,nan,nan,nan,nan,nan,nan,nan,nan,nan,nan,nan,nan,nan,nan,nan,nan,nan,nan,nan,nan,nan,nan,nan,nan,nan,nan,nan,nan,nan,nan,nan,nan,nan,nan
7.408337957798809548e-01,8.077754208043472772e-01,8.794806841804028164e-01,9.564026568283828800e-01,1.039057163246454696e+00,1.128049479513212994e+00,1.224121743394523287e+00,1.328240622651062131e+00,1.441768884144903007e+00,3.112873275230855885e+00,3.009971172635216075e+00,2.888121538095735019e+00,2.721563642043772990e+00,nan,nan,nan,nan,nan,nan,nan,nan,nan,nan,nan,nan,nan,nan,nan,nan,nan,nan,nan,nan,nan,nan,nan,nan,nan,nan,nan,nan,nan,nan,nan,nan,nan,nan,nan,nan,nan
7.229596959149806601e-01,7.918194174002912700e-01,8.657902565061446065e-01,9.453793502034567586e-01,1.031165075953316634e+00,1.123827898609109255e+00,1.224206403240017504e+00,1.333403604600568393e+00,1.453001448880845814e+00,3.099165183242272636e+00,2.988969877327464886e+00,2.854990585004918646e+00,2.653179451615366613e+00,nan,nan,nan,nan,nan,nan,nan,nan,nan,nan,nan,nan,nan,nan,nan,nan,nan,nan,nan,nan,nan,nan,nan,nan,nan,nan,nan,nan,nan,nan,nan,nan,nan,nan,nan,nan,2.716683756933528926e+00
7.037177441236844855e-01,7.745923414285265096e-01,8.509641421549527518e-01,9.334036570221451168e-01,1.022562748535584376e+00,1.119210406625414933e+00,1.224299349106911627e+00,1.339095971813548447e+00,1.465451503405534206e+00,3.083860905215940473e+00,2.965089842543778609e+00,2.815445769847894741e+00,2.534730604707548629e+00,nan,nan,nan,nan,nan,nan,nan,nan,nan,nan,nan,nan,nan,nan,nan,nan,nan,nan,nan,nan,nan,nan,nan,nan,nan,nan,nan,nan,nan,nan,nan,nan,nan,nan,2.732920970051671894e+00,2.690282181160895014e+00,2.651489024237918990e+00
6.829462799494158132e-01,7.559371540228376762e-01,8.348555698699102745e-01,9.203468518030710754e-01,1.013149844275130551e+00,1.114138567648322642e+00,1.224401860072267478e+00,1.345403617388289064e+00,1.479329792101497398e+00,3.066647840480064335e+00,2.937596401004030078e+00,2.766518379751780277e+00,nan,nan,nan,nan,nan,nan,nan,nan,nan,nan,nan,nan,nan,nan,nan,nan,nan,nan,nan,nan,nan,nan,nan,nan,nan,nan,nan,nan,nan,nan,nan,nan,nan,nan,2.704972640641531534e+00,2.662928534372995593e+00,2.624642812489971444e+00,2.589526952077437105e+00
6.604573855357360745e-01,7.356700683735670765e-01,8.172914958767476534e-01,9.060559914970069961e-01,1.002806212243396278e+00,1.108541851081047636e+00,1.224515492754893575e+00,1.352432100661642878e+00,1.494899202776944991e+00,3.047119764387446583e+00,2.905430890222501894e+00,2.702034316165080607e+00,nan,nan,nan,nan,nan,nan,nan,nan,nan,nan,nan,nan,nan,nan,nan,nan,nan,nan,nan,nan,nan,nan,nan,nan,nan,nan,nan,nan,nan,nan,nan,nan,2.721862600992227765e+00,2.675975235899194171e+00,2.634519831052495320e+00,2.596745956627422913e+00,2.562089641854203403e+00,2.530113685019647285e+00
6.360313597021740595e-01,7.135746516050764932e-01,7.980664930131607937e-01,8.903479635142179660e-01,9.913867496221108189e-01,1.102334332182983045e+00,1.224642160911499023e+00,1.360312626461349872e+00,1.512492208911163205e+00,3.024735701296040524e+00,2.866971987485458673e+00,2.603135832269599437e+00,nan,nan,nan,nan,nan,nan,nan,nan,nan,nan,nan,nan,nan,nan,nan,nan,nan,nan,nan,nan,nan,nan,nan,nan,nan,nan,nan,nan,nan,nan,2.741501922678990510e+00,2.690999793077110347e+00,2.645805800321128221e+00,2.604941224511202691e+00,2.567690632854693789e+00,2.533511299858197230e+00,2.501979400352464022e+00,2.472756168370261243e+00
6.094097239370315222e-01,6.893943020578972014e-01,7.769348639951749735e-01,8.730016967877567424e-01,9.787145812792683586e-01,1.095410250393008100e+00,1.224784244092467000e+00,1.369210351753723298e+00,3.138037762328722557e+00,2.998752825743858264e+00,2.819505646984489022e+00,nan,nan,nan,nan,nan,nan,nan,nan,nan,nan,nan,nan,nan,nan,nan,nan,nan,nan,nan,nan,nan,nan,nan,nan,nan,nan,nan,nan,nan,nan,2.708499169489934300e+00,2.658829168682425248e+00,2.614326450241006849e+00,2.574063871448758700e+00,2.537356007324199858e+00,2.503678376868230693e+00,2.472618619001463180e+00,2.443845354856376773e+00,2.417087451484814853e+00
5.802862665605925674e-01,6.628225520344134258e-01,7.536003497440797450e-01,8.537478425191931120e-01,9.645718781738423786e-01,1.087637936030840802e+00,1.224944738536809741e+00,1.379336152961980755e+00,3.121116478930967553e+00,2.968110014173186428e+00,2.757789049715321905e+00,nan,nan,nan,nan,nan,nan,nan,nan,nan,nan,nan,nan,nan,nan,nan,nan,nan,nan,nan,nan,nan,nan,nan,nan,nan,nan,nan,nan,2.729157188247815391e+00,2.674030764989786757e+00,2.625183122844920280e+00,2.581381459682359214e+00,2.541742383401867755e+00,2.505605998890925612e+00,2.472463322906810923e+00,2.441911684179192576e+00,2.413625900492265330e+00,2.387338872411934432e+00,2.362828065600159011e+00
5.482954146243221860e-01,6.334904164329475673e-01,7.277025356414908996e-01,8.562643063891806072e-01,1.000589748650554611e+00,1.168026664404610226e+00,3.136544310061773810e+00,2.882315474816615986e+00,2.620164729426168737e+00,2.431667116620076285e+00,2.668459249834866043e+00,nan,nan,nan,nan,nan,nan,nan,nan,nan,nan,nan,nan,nan,nan,nan,nan,nan,nan,nan,nan,nan,nan,nan,nan,nan,nan,nan,2.692017408258440270e+00,2.637890013652445909e+00,2.589870969188471594e+00,2.546793743459456749e+00,2.507811765349798883e+00,2.472286608693142984e+00,2.439722255987762267e+00,2.409724074946291594e+00,2.381971969671142553e+00,2.356202112265383786e+00,2.332194103826049858e+00,2.309761700890851976e+00
5.372365557848333140e-01,6.606908212268672864e-01,7.962857752847843917e-01,9.511677518589877200e-01,1.137672515397425421e+00,2.806778653307875349e+00,2.329638253505343481e+00,2.387811276742040079e+00,2.363467080142716004e+00,2.497955111208665091e+00,nan,nan,nan,nan,nan,nan,nan,nan,nan,nan,nan,nan,nan,nan,nan,nan,nan,nan,nan,nan,nan,nan,nan,nan,nan,nan,2.713650331478964173e+00,2.652969735384470784e+00,2.599839873521436751e+00,2.552673976909977327e+00,2.510360579078925181e+00,2.472083717254236035e+00,2.437222719387153624e+00,2.405292190881671566e+00,2.375904006241894351e+00,2.348742130798674221e+00,2.323545314717617050e+00,2.300094825436377555e+00,2.278205521367101749e+00,2.257719209582228714e+00
5.727953361260247345e-01,7.131985183676560203e-01,8.735120120168160529e-01,1.069202374756374585e+00,2.700577288421664335e+00,2.310980308597782251e+00,2.229293025858293475e+00,2.367474094344823587e+00,2.378644301645115533e+00,2.511715099125999107e+00,nan,nan,nan,nan,nan,nan,nan,nan,nan,nan,nan,nan,nan,nan,nan,nan,nan,nan,nan,nan,nan,nan,nan,nan,2.740199017045651608e+00,2.671165345016086601e+00,2.611714236189420113e+00,2.559605768718788088e+00,2.513339246813714567e+00,2.471848366730861724e+00,2.434342143899341337e+00,2.400214245439336480e+00,2.368987737485769074e+00,2.340279596385449690e+00,2.313776925241809224e+00,2.289220446877334059e+00,2.266392705715777556e+00,2.245109422384250486e+00,2.225213021451748485e+00,2.206567695293906173e+00
6.082898745941274221e-01,7.528789826546196107e-01,9.434559167068136132e-01,2.825486133931116584e+00,2.151555852072460695e+00,2.181131937096254525e+00,2.219175473834750001e+00,2.190034632697745121e+00,2.394145703682439841e+00,2.457391156102243013e+00,nan,nan,nan,nan,nan,nan,nan,nan,nan,nan,nan,nan,nan,nan,nan,nan,nan,nan,nan,nan,nan,nan,3.116051095009217065e+00,2.693572876470949229e+00,2.626102497493792765e+00,2.567899638672286322e+00,2.516866575582799470e+00,2.471572090518608711e+00,2.430986173057798183e+00,2.394337681393289063e+00,2.361031491028840801e+00,2.330597162308035930e+00,2.302655523792836778e+00,2.276896027458293226e+00,2.253060885132281754e+00,2.230933641011090263e+00,2.210330742060464093e+00,2.191095191708467560e+00,2.173091686695405755e+00,2.156202832378790735e+00
6.453150359582516815e-01,8.143052943165997037e-01,1.053904837636178815e+00,2.381175119493096126e+00,2.102973175668774175e+00,2.134304006101859663e+00,2.089546675439961643e+00,2.348047830939448577e+00,2.410354108678371521e+00,2.436836979554397598e+00,nan,nan,nan,nan,nan,nan,nan,nan,nan,nan,nan,nan,nan,nan,nan,nan,nan,nan,nan,nan,3.101725318553072874e+00,2.721885602204506593e+00,2.643905900841945211e+00,2.578002142855836620e+00,2.521109624284317619e+00,2.471243197039736383e+00,2.427026478417453337e+00,2.387457737889611131e+00,2.351781005190712648e+00,2.319409544837616188e+00,2.289877690569348534e+00,2.262809086341769582e+00,2.237894936371486843e+00,2.214878634146611347e+00,2.193544608459898626e+00,2.173710045264063861e+00,2.155218623773260234e+00,2.137935696389472895e+00,2.121744524718441660e+00,2.106543301939831636e+00
6.671745455702221550e-01,8.637938206918812645e-01,2.803286433687915746e+00,2.455213605460635495e+00,2.143813691953728728e+00,2.196745952264368196e+00,2.190203361490431266e+00,2.289749242961614861e+00,2.264986007833450721e+00,nan,nan,nan,nan,nan,nan,nan,nan,nan,nan,nan,nan,nan,nan,nan,nan,nan,nan,nan,3.134994763263315054e+00,2.942458245890254176e+00,2.666521555661582887e+00,2.590579887343332111e+00,2.526310986957600591e+00,2.470845072614770377e+00,2.422283949545526394e+00,2.379292996853623610e+00,2.340891543716087320e+00,2.306334636478077904e+00,2.275041514176650459e+00,2.246549913620307315e+00,2.220485573065713591e+00,2.196541139946366350e+00,2.174461143933154705e+00,2.154031020632998672e+00,2.135068921740166825e+00,2.117419491379451291e+00,2.100949060771204913e+00,2.085541885908261506e+00,2.071097165360331616e+00,2.057526650407317081e+00
6.909937274487697456e-01,8.953188138023151499e-01,1.103824936499925080e+00,2.665659005934697401e+00,2.491982859138899276e+00,2.179034207052956695e+00,2.021510016680108102e+00,2.136659866557336418e+00,2.373324573998552012e+00,nan,nan,nan,nan,nan,nan,nan,nan,nan,nan,nan,nan,nan,nan,nan,nan,3.134222622849760942e+00,3.128650306706735496e+00,3.091583593484929615e+00,2.696245807023165408e+00,2.606674999435979689e+00,2.532836967886610946e+00,2.470353286533580661e+00,2.416500799451367865e+00,2.369445738577571348e+00,2.327883602758053172e+00,2.290848459492972999e+00,2.257602917363832340e+00,2.227570381113513687e+00,2.200291163035610786e+00,2.175392864248492764e+00,2.152569706664298366e+00,2.131567704213605641e+00,2.112173771277990220e+00,2.094207561352571911e+00,2.077515245121819731e+00,2.061964695254270730e+00,2.047441710320214714e+00,2.033847018724104672e+00,2.021093876552932933e+00,2.009106123428306745e+00
6.966349184573803477e-01,9.029800977185713506e-01,9.719504907703810925e-01,1.059294111088289414e+00,2.713035176913642932e+00,2.534497762125730969e+00,2.217226991941152470e+00,2.133872294051846197e+00,2.294008032810070485e+00,nan,nan,nan,nan,nan,nan,nan,nan,nan,nan,nan,nan,nan,nan,3.132387203528679720e+00,3.129961996450058237e+00,3.134929728596805187e+00,2.804604638161496855e+00,2.628015389593361562e+00,2.541268069667071750e+00,2.469730380554342464e+00,2.409291998214797115e+00,2.357334803568091885e+00,2.312069689672945128e+00,2.272212293976711095e+00,2.236806387390978923e+00,2.205119795293123186e+00,2.176579264258143631e+00,2.150727730844738339e+00,2.127195202545582919e+00,2.105678287363710322e+00,2.085925425197785898e+00,2.067725996721477610e+00,2.050902139588517858e+00,2.035302498241656100e+00,2.020797382131513498e+00,2.007274967600062965e+00,1.994638284973982323e+00,1.982802804446188283e+00,1.971694484136807812e+00,1.961248178798821407e+00
6.816538958908341383e-01,7.994878343591493852e-01,8.539432975147294158e-01,9.215927628608173716e-01,1.008272973767070146e+00,1.124564734447206504e+00,2.584656933169184878e+00,2.260176962195644901e+00,2.086415225630707582e+00,nan,nan,nan,nan,nan,nan,nan,nan,nan,nan,nan,nan,3.138470646488014104e+00,3.080174465087812230e+00,3.124854735046431298e+00,2.962073906257642886e+00,2.791943220529971903e+00,2.647906720184892926e+00,2.499297763071122169e+00,2.400055625130897763e+00,2.342075754563202050e+00,2.292427366056727145e+00,2.249349555060044192e+00,2.211570659961623608e+00,2.178141298743918153e+00,2.148334075522981390e+00,2.121579918734341597e+00,2.097425876914822407e+00,2.075506141947527805e+00,2.055521572352300819e+00,2.037224869993595089e+00,2.020409627211753989e+00,2.004902089740868032e+00,1.990554866060990413e+00,1.977242057764714289e+00,1.964855444313633903e+00,1.953301461482412016e+00,1.942498784975650317e+00,1.932376380847189878e+00,1.922871919782437100e+00,1.913930477725824364e+00
6.687971000536370170e-01,7.040135363400294999e-01,7.464060001840178149e-01,7.984370443898820557e-01,8.638914609006007606e-01,9.489921357654533818e-01,1.065092694992639810e+00,2.645365796455819485e+00,2.310413667318210518e+00,nan,nan,nan,nan,nan,nan,nan,nan,nan,nan,2.932914097554058852e+00,2.814230823000831716e+00,2.866336761536283362e+00,2.862956477250016452e+00,2.798820914356787259e+00,2.710665662080783633e+00,2.612000916034980413e+00,2.500604288462411340e+00,2.379705371407659698e+00,2.267365958497580714e+00,2.220626589292433728e+00,2.180290923211524401e+00,2.145097232927855924e+00,2.114104124489779135e+00,2.086591933168023605e+00,2.061999455219269084e+00,2.039881709038040558e+00,2.019880813043495316e+00,2.001705364093077755e+00,1.985115502668370446e+00,1.969911885832916099e+00,1.955927407814440411e+00,1.943020891293636421e+00,1.931072217014118575e+00,1.919978519471899681e+00,1.909651183739781377e+00,1.900013451834972500e+00,1.890998498094418778e+00,1.882547869136256047e+00,1.874610209904888691e+00,1.867140216146963461e+00
5.886361870705694166e-01,6.154359163266964750e-01,6.474854387583142135e-01,6.864874651656105442e-01,7.349775010831987032e-01,7.969217490170905638e-01,8.789567978578698426e-01,9.933710589981175065e-01,2.721348341911571822e+00,2.372014636507262075e+00,nan,nan,nan,nan,nan,nan,3.132599550920616149e+00,2.868902946920674601e+00,2.756159523643258336e+00,2.678542537667329082e+00,2.619228106362404329e+00,2.620212701991653681e+00,2.622302272771281473e+00,2.587265532905928200e+00,2.529628001529836911e+00,2.452825782877857019e+00,2.369562429894832789e+00,2.267977604460466701e+00,2.171106972105450339e+00,2.103659287428500946e+00,2.071739846694869769e+00,2.043793339174089674e+00,2.019116853236263776e+00,1.997165602120827277e+00,1.977510317831251196e+00,1.959807891749516084e+00,1.943780630624116323e+00,1.929201282880302237e+00,1.915882027706908186e+00,1.903666245144900682e+00,1.892422275176068425e+00,1.882038623427165991e+00,1.872420234888860335e+00,1.863485566839141239e+00,1.855164267172604742e+00,1.847395316470498816e+00,1.840125528943080013e+00,1.833308333714865679e+00,1.826902777020192215e+00,1.820872699886668666e+00
nan,5.330689821068989032e-01,5.561118732480159199e-01,5.839619097835959671e-01,6.182862434408058494e-01,6.616229912968181193e-01,7.180428772446048047e-01,7.945465469970507399e-01,9.044610769115370985e-01,1.077940262353453749e+00,2.452436692943553265e+00,nan,nan,nan,2.997673979279273482e+00,2.793912667966439223e+00,2.685103027807548948e+00,2.609251396542127566e+00,2.551504755305396444e+00,2.505413779535379692e+00,2.467487884313141588e+00,2.450290096063143963e+00,2.450241761123039375e+00,2.424646918372384885e+00,2.380543471679730239e+00,2.318974456402556061e+00,2.241789992559553468e+00,2.163371048873652835e+00,2.064568513941102967e+00,1.990211331987072452e+00,1.966124102437135424e+00,1.944988036020699251e+00,1.926291543536996720e+00,1.909635113920404415e+00,1.894702104264666787e+00,1.881238253767470336e+00,1.869037010356570772e+00,1.857928824669986767e+00,1.847773209621313306e+00,1.838452764160546593e+00,1.829868615535549470e+00,1.821936901470960546e+00,1.814586025171557981e+00,1.807754491828115651e+00,1.801389187668869241e+00,1.795443999344830122e+00,1.789878697583913603e+00,1.784658027894173049e+00,1.779750964841084748e+00,1.775130096558986015e+00
nan,nan,nan,nan,nan,5.400020857687751752e-01,5.758353133464202411e-01,6.235916701644246274e-01,6.903582705818809284e-01,7.902894773984976418e-01,9.570594157253693446e-01,2.567679392678299255e+00,2.881992388493858304e+00,2.697468662751706603e+00,2.592119410632361287e+00,2.519153068839632859e+00,2.464469536949309703e+00,2.421563853830204671e+00,2.386835860064529857e+00,2.358073868037167564e+00,2.333822714648541741e+00,2.317055809102674058e+00,2.311623550752046174e+00,2.287561097492849971e+00,2.247928312663621142e+00,2.192874206496419731e+00,2.123361586793030664e+00,2.053433062570366285e+00,1.962660636176714490e+00,1.879797199013378606e+00,1.863120119001986374e+00,1.848462731604902931e+00,1.835479337617657691e+00,1.823898865633669431e+00,1.813505758512455213e+00,1.804126452143916204e+00,1.795619624440422335e+00,1.787869041622891952e+00,1.780778228554309894e+00,1.774266442426398527e+00,1.768265592416123244e+00,1.762717855748885842e+00,1.757573813140137275e+00,1.752790976225590214e+00,1.748332614095504667e+00,1.744166810380697541e+00,1.740265699725545456e+00,1.736604845061018310e+00,1.733162726293631550e+00,1.729920317831149301e+00
nan,nan,nan,nan,nan,nan,5.479154119215745578e-01,5.303322975361641767e-01,5.276999590392854600e-01,5.581931705093251539e-01,2.729542472687145338e+00,2.555733690652640444e+00,2.457468824518073802e+00,2.392020750816678198e+00,2.344803805317044798e+00,2.308976810144706349e+00,2.280803371313943728e+00,2.258042209956394153e+00,2.239258178697554058e+00,2.223486275878542529e+00,2.210052249577817207e+00,2.198470105846720202e+00,2.188293089139927705e+00,2.164514983660042358e+00,2.127349600773010163e+00,2.076534441581785018e+00,2.012530505976134698e+00,1.949372528551704731e+00,1.865182877057014910e+00,1.772250600588490599e+00,1.762630561057273670e+00,1.754163473045874611e+00,1.746653904288000270e+00,1.739948210597177525e+00,1.733923936995086290e+00,1.728482288289950208e+00,1.723542679924567000e+00,1.719038728174242081e+00,1.714915254913091491e+00,1.711126019626048489e+00,1.707631980709608754e+00,1.704399947373096413e+00,1.701401523479630917e+00,1.698612272150664015e+00,1.696011049119778402e+00,1.693579466369234066e+00,1.691301457286462195e+00,1.689162921611975676e+00,1.687151433606723039e+00,1.685256000686637279e+00
nan,nan,nan,nan,nan,nan,6.828537783208326051e-01,3.107120650367499959e+00,2.423296693406468805e+00,2.288709153352139758e+00,2.224732130012263553e+00,2.187132578141548933e+00,2.162352120466299876e+00,2.144781375064414242e+00,2.131670746141623773e+00,2.121512198641614777e+00,2.113409080464890621e+00,2.106794642015070718e+00,2.101293029838316784e+00,2.096645129298399635e+00,2.092666494927887477e+00,2.089222255181993226e+00,2.075830977312499215e+00,2.051781129881491417e+00,2.016032587678751931e+00,1.968140434946889394e+00,1.908285814927568769e+00,1.837254827935053791e+00,1.756401562411915140e+00,1.667622055860837893e+00,1.664715160324695464e+00,1.662152671878931898e+00,1.659876811020133403e+00,1.657842037346535680e+00,1.656011972071403715e+00,1.654357204612561638e+00,1.652853700512037172e+00,1.651481626766194921e+00,1.650224472241438978e+00,1.649068380172059811e+00,1.648001635388063768e+00,1.647014265986022963e+00,1.646097730713662610e+00,1.645244671295683414e+00,1.644448714488954355e+00,1.643704312595500205e+00,1.643006613989875131e+00,1.642351357271502277e+00,1.641734784161271943e+00,1.641153567380851719e+00
nan,nan,nan,nan,nan,nan,nan,1.299532354583798011e+00,1.639472936968983552e+00,1.766499761705102367e+00,1.832582181377116592e+00,1.873057363663147568e+00,1.900388354152517500e+00,1.920082583190575010e+00,1.934948336077628506e+00,1.946567449673794803e+00,1.955898852065808491e+00,1.963557679900367114e+00,1.969956669245507497e+00,1.975383073551246760e+00,1.980042983014839386e+00,1.984088099575500586e+00,1.967538130217170611e+00,1.941290397565085701e+00,1.904426665788101047e+00,1.856527802211902722e+00,1.797733618441299086e+00,1.728764793909844277e+00,1.650925769464401061e+00,1.566102461520150424e+00,1.569537111873603230e+00,1.572570554383561525e+00,1.575269197598233140e+00,1.577685562454778534e+00,1.579861731719367945e+00,1.581831820074809825e+00,1.583623774558145625e+00,1.585260707971708705e+00,1.586761900732759134e+00,1.588143563511414280e+00,1.589419424737261943e+00,1.590601188161401058e+00,1.591698892810745392e+00,1.592721198791160475e+00,1.593675616167971043e+00,1.594568689724755295e+00,1.595406149214095404e+00,1.596193032392217548e+00,1.596933786420311696e+00,1.597632351943698348e+00
nan,nan,nan,nan,nan,nan,nan,nan,1.051395288678808271e+00,1.330356879327768027e+00,1.488499735655503642e+00,1.589705267511002829e+00,1.659802856094887646e+00,1.711146130362485973e+00,1.750344179129926570e+00,1.781238650522843470e+00,1.806210071968840092e+00,1.826810321435200279e+00,1.844093563340533537e+00,1.858800637416464063e+00,1.871467263465423914e+00,1.882490361495677611e+00,1.863131414665039731e+00,1.834864234314262266e+00,1.796895145793124815e+00,1.748869357516569911e+00,1.690946222579233549e+00,1.623846750814381901e+00,1.548881235047563809e+00,1.467960752024518367e+00,1.477318483006023975e+00,1.485602577775633204e+00,1.492987516146855320e+00,1.499611965988489892e+00,1.505587510631294146e+00,1.511004945864957261e+00,1.515938900169010228e+00,1.520451276379694017e+00,1.524593850887469015e+00,1.528410261314227636e+00,1.531937544053075362e+00,1.535207336186355631e+00,1.538246824194406726e+00,1.541079499539227848e+00,1.543725765457217403e+00,1.546203428039836014e+00,1.548528096539444565e+00,1.550713511882174878e+00,1.552771817966899448e+00,1.554713787042754536e+00
nan,nan,nan,nan,nan,nan,nan,nan,6.059211200039941181e-01,9.753181008264623086e-01,1.191844562371319194e+00,1.336674413029749209e+00,1.440100083680287302e+00,1.517437636321699479e+00,1.577340008057414034e+00,1.625050155889367742e+00,1.663918218133491500e+00,1.696178804398371431e+00,1.723376587803963966e+00,1.746611984138475959e+00,1.766689375195858114e+00,1.777203958125971095e+00,1.754089337912843716e+00,1.722493639831681467e+00,1.681808768528756381e+00,1.644988493300140853e+00,1.587874941365124748e+00,1.522584855556158523e+00,1.432453032024141759e+00,1.373491821749629693e+00,1.388302490022680580e+00,1.401451565268203803e+00,1.413202588690044337e+00,1.423766406901155079e+00,1.433313659539754870e+00,1.441983891152265773e+00,1.449892301714999387e+00,1.457134817570582719e+00,1.463791949316060714e+00,1.469931761209242405e+00,1.475612181355095753e+00,1.480882816906744948e+00,1.485786393473244038e+00,1.490359906287519465e+00,1.494635548173227413e+00,1.498641463132221574e+00,1.502402362560472104e+00,1.505940032402627748e+00,1.509273753088134384e+00,1.512420649238155557e+00
nan,nan,nan,nan,nan,nan,nan,nan,nan,6.790551140183292977e-01,9.383583062836657884e-01,1.113587027652694683e+00,1.241679004340363157e+00,1.339397873721151377e+00,1.416267934530543782e+00,1.478220282776110395e+00,1.529152943306115064e+00,1.571729898386295288e+00,1.607829808480874423e+00,1.638812975100940816e+00,1.665687034286326584e+00,1.671625499093595923e+00,1.645055125205788560e+00,1.610451047002611880e+00,1.580466603376151413e+00,1.530584412702864938e+00,1.472720990114954942e+00,1.407838103020019993e+00,1.318746609983520113e+00,1.282974498038432998e+00,1.302722560247231876e+00,1.320314533667692691e+00,1.336081980007040038e+00,1.350292425689824549e+00,1.363163963127395961e+00,1.374876069465892359e+00,1.385577727341903209e+00,1.395393594456148856e+00,1.404428743641277455e+00,1.412772342825612926e+00,1.420500539852151523e+00,1.427678744514494946e+00,1.434363449065532370e+00,1.440603692043927575e+00,1.446442244026194368e+00,1.451916574802248672e+00,1.457059647411889980e+00,1.461900574035226219e+00,1.466465160901161191e+00,1.470776363459296743e+00
nan,nan,nan,nan,nan,nan,nan,nan,nan,nan,7.161616886693151773e-01,9.165011296292796539e-01,1.063302950642749600e+00,1.176762290053421811e+00,1.267198763784096904e+00,1.340915067072008249e+00,1.402086738863082882e+00,1.453612851044470577e+00,1.497572459435279946e+00,1.535494504117774994e+00,1.568527085888662853e+00,1.566116047408455003e+00,1.536367715736125295e+00,1.499082227511024712e+00,1.468705901367449052e+00,1.417542737698109789e+00,1.359446432368109470e+00,1.277065578151524772e+00,1.208583751203205159e+00,1.196640418369292469e+00,1.220778746960660799e+00,1.242364596923930531e+00,1.261775948753441456e+00,1.279320917385479373e+00,1.295252895805079074e+00,1.309781998245615808e+00,1.323083794585562245e+00,1.335306042230847368e+00,1.346573923052226451e+00,1.356994153561592586e+00,1.366658237935987952e+00,1.375645063167191262e+00,1.384022984979480730e+00,1.391851516371692465e+00,1.399182703674706874e+00,1.406062255077612289e+00,1.412530471708867585e+00,1.418623020182708361e+00,1.424371577054020177e+00,1.429804369161602473e+00
nan,nan,nan,nan,nan,nan,nan,nan,nan,nan,nan,7.386778866809510236e-01,9.020558294232217111e-01,1.028258400947535067e+00,1.129613499947397237e+00,1.212964420121964038e+00,1.282707488134906537e+00,1.341882105383265467e+00,1.392681868972933668e+00,1.436736407658205872e+00,1.475282954981220751e+00,1.448250380091138823e+00,1.428427130710672177e+00,1.388816428514495938e+00,1.342208141810070643e+00,1.289035048632458214e+00,1.230270848225517355e+00,1.167481344687415268e+00,1.083342138715756686e+00,1.114654250442412620e+00,1.142621859754140434e+00,1.167738228381602905e+00,1.190407191917596919e+00,1.210961836797554314e+00,1.229678876944154675e+00,1.246789783006701846e+00,1.262489453134464590e+00,1.276943014345346850e+00,1.290291194536758557e+00,1.302654594846164748e+00,1.314137110507802797e+00,1.324828687980339259e+00,1.334807561283633426e+00,1.344142077031796445e+00,1.352892192560434470e+00,1.361110712619531427e+00,1.368844315740430195e+00,1.376134410418712317e+00,1.383017852830421557e+00,1.389527551288364471e+00
nan,nan,nan,nan,nan,nan,nan,nan,nan,nan,nan,5.707855738666720580e-01,7.538104763557740284e-01,8.917973617781176365e-01,1.002430170629592610e+00,1.093817503371003808e+00,1.170750358289526227e+00,1.236427094943420402e+00,1.293129534318514295e+00,1.342552301689014849e+00,1.358559419675322344e+00,1.327546005870403611e+00,1.306101461940958108e+00,1.263437550501355089e+00,1.214680260057957373e+00,1.160620402317256605e+00,1.102620687257275467e+00,1.022948545962360178e+00,1.002311456540541323e+00,1.037104630427378771e+00,1.068345054518379245e+00,1.096527797750975308e+00,1.122064376093617533e+00,1.145298661760111969e+00,1.166519562177948277e+00,1.185971123810641847e+00,1.203860599370611739e+00,1.220364909646854290e+00,1.235635840283863418e+00,1.249804240103459696e+00,1.262983429125244417e+00,1.275271978742519741e+00,1.286755991019470358e+00,1.297510976594777876e+00,1.307603409408849338e+00,1.317092019991292995e+00,1.326028876244379262e+00,1.334460290683764816e+00,1.342427585297418569e+00,1.349967739058777649e+00
nan,nan,nan,nan,nan,nan,nan,nan,nan,nan,nan,nan,6.132344889557256318e-01,7.646841417631635718e-01,8.841352465973876251e-01,9.826009775324903162e-01,1.065712121692784287e+00,1.136963892447242719e+00,1.198762599952615027e+00,1.252867623423855603e+00,1.223057012062970905e+00,1.204686254228917841e+00,1.182091743641866532e+00,1.137181573114663280e+00,1.087366544092869258e+00,1.033827838343061245e+00,9.583804915457261320e-01,8.845021806027280054e-01,9.263668088084482388e-01,9.640041280400237778e-01,9.979819544018848632e-01,1.028778870465622441e+00,1.056799173358534905e+00,1.082385460575461478e+00,1.105829089037354773e+00,1.127378802795621304e+00,1.147247824063122534e+00,1.165619674507147874e+00,1.182652956715580572e+00,1.198485288210505706e+00,1.213236546225064716e+00,1.227011552040417008e+00,1.239902299124335361e+00,1.251989809197863179e+00,1.263345684063647889e+00,1.274033407920241112e+00,1.284109444376044129e+00,1.293624163961580864e+00,1.302622631201862724e+00,1.311145274911026615e+00
nan,nan,nan,nan,nan,nan,nan,nan,nan,nan,nan,nan,nan,6.435843097326281459e-01,7.728766303797887094e-01,8.781942445248180906e-01,9.668958352696320757e-01,1.043056794806831000e+00,1.109310802191466383e+00,1.115440883862531152e+00,1.099859743416623292e+00,1.080412694798885243e+00,1.037938952038149676e+00,9.911963112056291214e-01,9.413451513768731349e-01,8.901188199965782699e-01,8.007627622092789998e-01,8.113002979392009983e-01,8.554002448748405651e-01,8.952958712098459948e-01,9.315098849915826040e-01,9.644914134879130074e-01,9.946262801506609019e-01,1.022246243484934425e+00,1.047637079342833344e+00,1.071045530492832354e+00,1.092685217572038958e+00,1.112741633363301341e+00,1.131376346780065045e+00,1.148730535513814210e+00,1.164927953666766269e+00,1.180077426531223495e+00,1.194274950888874143e+00,1.207605466673611572e+00,1.220144354893229366e+00,1.231958707366083150e+00,1.243108405982710885e+00,1.253647042674897127e+00,1.263622705877658792e+00,1.273078654823759148e+00
nan,nan,nan,nan,nan,nan,nan,nan,nan,nan,nan,nan,nan,5.239309880111985285e-01,6.664301991033996231e-01,7.792714412959956816e-01,8.734528578028477597e-01,9.541479382737940718e-01,9.851153826018973492e-01,9.718085176118075319e-01,9.550179176464769215e-01,9.349584051427346498e-01,8.910316359054424318e-01,8.447201603014672378e-01,7.768887431364316365e-01,7.129874186046163409e-01,6.931231969182671815e-01,7.434996844035577368e-01,7.892353134830365491e-01,8.308642995970894063e-01,8.688566049579975470e-01,9.036238675545287258e-01,9.355257470238744766e-01,9.648761609562162000e-01,9.919491120813654916e-01,1.016983962321856616e+00,1.040190107611826065e+00,1.061751064511200049e+00,1.081828009971076643e+00,1.100562829247867302e+00,1.118080730735568240e+00,1.134492484766503440e+00,1.149896338931300166e+00,1.164379656806987517e+00,1.178020321083550259e+00,1.190887936441809014e+00,1.203044862399928361e+00,1.214547101803250317e+00,1.225445066689775153e+00,1.235784239885575175e+00
nan,nan,nan,nan,nan,nan,nan,nan,nan,nan,nan,nan,nan,nan,5.619184442295288573e-01,6.842749769471336840e-01,7.844020891013697705e-01,8.472271879557597973e-01,8.363831734347888514e-01,8.224895050862598422e-01,7.831183541942821069e-01,7.642645584002805137e-01,7.215884327540768028e-01,6.796557278993398121e-01,6.016270513211469106e-01,5.733034311666194149e-01,6.295089865327023748e-01,6.807862253544458842e-01,7.276451635753435898e-01,7.705477815148740195e-01,8.099089820655838157e-01,8.460990300511710416e-01,8.794469004804279511e-01,9.102440584383753031e-01,9.387483310834354722e-01,9.651876544580264561e-01,9.897635701243066020e-01,1.012654410466763855e+00,1.034018152882760111e+00,1.053994948291523182e+00,1.072709343595534159e+00,1.090272224761863473e+00,1.106782509740074305e+00,1.122328620308398417e+00,1.136989760321678533e+00,1.150837025473067099e+00,1.163934367036935535e+00,1.176339429404611669e+00,1.188104278708627559e+00,1.199276037530050187e+00
nan,nan,nan,nan,nan,nan,nan,nan,nan,nan,nan,nan,nan,nan,nan,5.912673112763824346e-01,6.452417028016002032e-01,6.649686061917576829e-01,6.550688579808314760e-01,6.429489061322205545e-01,6.046448071947297942e-01,5.673193839412588035e-01,5.331926247551280751e-01,5.242508647089809681e-01,5.355943106435452350e-01,5.301108304087998047e-01,5.710953898359831804e-01,6.228159440153189230e-01,6.703696646559831329e-01,7.141513433351287521e-01,7.545223202736033308e-01,7.918108090431463797e-01,8.263131817096307508e-01,8.582959047013773990e-01,8.879978426786059309e-01,9.156327126944197037e-01,9.413915368757854729e-01,9.654449962587532408e-01,9.879456290755512793e-01,1.009029845310175144e+00,1.028819748336083251e+00,1.047424766461327428e+00,1.064943104318824441e+00,1.081463027836567559e+00,1.097063998151159625e+00,1.111817670090505805e+00,1.125788770294812835e+00,1.139035869033627968e+00,1.151612058546217954e+00,1.163565549432746371e+00
nan,nan,nan,nan,nan,nan,nan,nan,nan,nan,nan,nan,nan,nan,nan,nan,5.273788860732424588e-01,5.513813599907264607e-01,5.434503552570431051e-01,5.340969590374695652e-01,5.239565624927259302e-01,5.372108659123452368e-01,5.261403932686775642e-01,5.365784023177901929e-01,5.271500383620220109e-01,5.369228872582293421e-01,5.315244368472045178e-01,5.692332769572879814e-01,6.171302183985647449e-01,6.614583445047339527e-01,7.025293855227392470e-01,7.406311024911251817e-01,7.760273320924673257e-01,8.089586644007706884e-01,8.396435827946167052e-01,8.682798961400435278e-01,8.950463231957024313e-01,9.201041247627981257e-01,9.435987111393624449e-01,9.656611781014394769e-01,9.864097438353800484e-01,1.005951072925462153e+00,1.024381482840568403e+00,1.041788034462563628e+00,1.058249511964816536e+00,1.073837299485409291e+00,1.088616163069430876e+00,1.102644946655826796e+00,1.115977190724218859e+00,1.128661681780206871e+00
nan,nan,nan,nan,nan,nan,nan,nan,nan,nan,nan,nan,nan,nan,nan,nan,5.308731158505689551e-01,5.237426032015430888e-01,5.427971404018414603e-01,5.321856288655310019e-01,5.457873606969994018e-01,5.333316030352204251e-01,5.433534367337716775e-01,5.310926120874266410e-01,5.394236864191340741e-01,5.295940798712460706e-01,5.380480229167193817e-01,5.327258134480304941e-01,5.676417090437858581e-01,6.122404578879985237e-01,6.537485216268834609e-01,6.924162745686774922e-01,7.284764898151754320e-01,7.621442662752648811e-01,7.936173798828756176e-01,8.230769635923909089e-01,8.506884125959286447e-01,8.766024240096854658e-01,9.009560993690324260e-01,9.238740571500432264e-01,9.454695186823052211e-01,9.658453436062954811e-01,9.850950006561849381e-01,1.003303466516396458e+00,1.020548050363851766e+00,1.036899144974381182e+00,1.052420907362492164e+00,1.067171873170181362e+00,1.081205509675780663e+00,1.094570712545509306e+00
nan,nan,nan,nan,nan,nan,nan,nan,nan,nan,nan,nan,nan,nan,nan,nan,nan,5.294453644986547580e-01,5.461443555048212106e-01,5.337917433730990924e-01,5.459094699586393151e-01,5.322380195107325740e-01,5.412214440520259906e-01,5.278649483708528489e-01,5.352944802203600805e-01,5.241950491786360189e-01,5.316823688981602292e-01,5.247644605359611525e-01,5.337594162178476154e-01,5.662657212900195081e-01,6.079905407571424281e-01,6.470129044013870345e-01,6.835368990954433510e-01,7.177534087228560900e-01,7.498399982785668438e-01,7.799610871092137465e-01,8.082683575060558567e-01,8.349013346971700944e-01,8.599880788940423848e-01,8.836459401491529864e-01,9.059823379015119471e-01,9.270955372441573861e-01,9.470754024260179538e-01,9.660041147970874764e-01,9.839568474901432271e-01,1.001002392867007318e+00,1.017203741417432417e+00,1.032618612629720989e+00,1.047299939561188165e+00,1.061296309587957953e+00
nan,nan,nan,nan,nan,nan,nan,nan,nan,nan,nan,nan,nan,nan,nan,nan,nan,nan,5.262651433944242063e-01,5.390434935191967813e-01,5.245448249472113300e-01,5.340760211880636321e-01,5.417578269025513649e-01,5.270321487812228423e-01,5.333790062193226600e-01,5.389046121312189852e-01,5.272471777100423695e-01,5.334873135951786471e-01,5.264546736141318961e-01,5.346580954313467915e-01,5.650642929774208900e-01,6.042626495356491212e-01,6.410780554021950906e-01,6.756790309475158018e-01,7.082240065604441526e-01,7.388611980998247564e-01,7.677286826198943537e-01,7.949546440044981122e-01,8.206577485577011277e-01,8.449476113719263104e-01,8.679253194747025280e-01,8.896839842836705703e-01,9.103093022910069276e-01,9.298801085112726739e-01,9.484689118584288536e-01,9.661424052830800413e-01,9.829619463092653664e-01,9.989840057028400722e-01,1.014260583520640191e+00,1.028839592857559992e+00
nan,nan,nan,nan,nan,nan,nan,nan,nan,nan,nan,nan,nan,nan,nan,nan,nan,nan,nan,5.480619825030146330e-01,5.313173684234488992e-01,5.390000005221314838e-01,5.451111996340551880e-01,5.287461240021054110e-01,5.338154874189842136e-01,5.381505920971714207e-01,5.248537048805375083e-01,5.299032525894821211e-01,5.350629196615268590e-01,5.279334115725531351e-01,5.247809656617877794e-01,5.640061895066823539e-01,6.009662075457351538e-01,6.358093520979772872e-01,6.686763703949456517e-01,6.997001710059280732e-01,7.290057056047716255e-01,7.567099915776231978e-01,7.829222584601731594e-01,8.077441930075630605e-01,8.312702567890244421e-01,8.535880526894075171e-01,8.747787204992338861e-01,8.949173457950989619e-01,9.140733700278917961e-01,9.323109929324078227e-01,9.496895609971087726e-01,9.662639378192794393e-01,9.820848537842499226e-01,9.971992337258268613e-01
nan,nan,nan,nan,nan,nan,nan,nan,nan,nan,nan,nan,nan,nan,nan,nan,nan,nan,nan,5.346083632742480996e-01,5.416216657307876270e-01,5.471576977835108657e-01,5.287169237644603337e-01,5.331654314724612043e-01,5.367521006061080069e-01,5.397223093997189913e-01,5.246281388571586435e-01,5.283716705054631868e-01,5.322356806198430546e-01,5.364502875043064556e-01,5.292380260461223562e-01,5.260862961883892019e-01,5.630672084702837976e-01,5.980304391219026794e-01,6.311007153670289416e-01,6.623967849323739721e-01,6.920312164037971669e-01,7.201102930754990084e-01,7.467340072610542112e-01,7.719961457394024507e-01,7.959844503309188024e-01,8.187808360534898355e-01,8.404616503417106088e-01,8.610979589851905924e-01,8.807558469641265653e-01,8.994967248208050048e-01,9.173776334091965357e-01,9.344515417397121215e-01,9.507676341751127858e-01,9.663715844631715068e-01
nan,nan,nan,nan,nan,nan,nan,nan,nan,nan,nan,nan,nan,nan,nan,nan,nan,nan,nan,nan,5.300644566357570753e-01,5.344855581360095087e-01,5.378879294752041407e-01,5.404449471308516717e-01,5.423390821501146153e-01,5.243394573477434539e-01,5.267073808660813761e-01,5.290156710652279548e-01,5.314775425947356746e-01,5.343002294078751380e-01,5.249421349368545986e-01,5.303975615712031022e-01,5.272487532649222652e-01,5.622283061270366700e-01,5.953992409722490553e-01,6.268674326343415260e-01,6.567339793359170397e-01,6.850950444468191236e-01,7.120417638599694232e-01,7.376602259815796536e-01,7.620315194514313273e-01,7.852318383820307002e-01,8.073326332264409988e-01,8.284007956449954690e-01,8.484988669438240372e-01,8.676852612315459901e-01,8.860144960686107130e-01,9.035374249035257321e-01,9.203014669269744541e-01,9.363508311061421452e-01
nan,nan,nan,nan,nan,nan,nan,nan,nan,nan,nan,nan,nan,nan,nan,nan,nan,nan,nan,nan,nan,5.245605602418680347e-01,5.268372375378147510e-01,5.284919771929355026e-01,5.296691175971973697e-01,5.305265138247828860e-01,5.312332144257452260e-01,5.319664239565785602e-01,5.329078700213660813e-01,5.342397573543933298e-01,5.361405481198403544e-01,5.265920245720592252e-01,5.314349433251660537e-01,5.282905756521197871e-01,5.614742925342809388e-01,5.930275685708856770e-01,6.230410408588604732e-01,6.516014852696103699e-01,6.787916901271222603e-01,7.046903766091987542e-01,7.293721722853605538e-01,7.529076354716839337e-01,7.753633238805621719e-01,7.968018994549235234e-01,8.172822611438963492e-01,8.368596980030429400e-01,8.555860559729380199e-01,8.735099127653922491e-01,8.906767563345516781e-01,9.071291633631783924e-01
nan,nan,nan,nan,nan,nan,nan,nan,nan,nan,nan,nan,nan,nan,nan,nan,nan,nan,nan,nan,nan,nan,5.423000334614537232e-01,5.415577827378482700e-01,5.405771729958699368e-01,5.394646508081237801e-01,5.383449525786216938e-01,5.373573907473825351e-01,5.366518040667538347e-01,5.363842234326745562e-01,5.367123854555382323e-01,5.248231373913841979e-01,5.280739773559083305e-01,5.323685080750873988e-01,5.292296145878263580e-01,5.607929036718563021e-01,5.908788400906923588e-01,6.195656116799719282e-01,6.469282515020133850e-01,6.730385362750765932e-01,6.979649185136236333e-01,7.217724980001278823e-01,7.445230317351185789e-01,7.662749782123641218e-01,7.870835704561953694e-01,8.070009119419456756e-01,8.260760898070214076e-01,8.443553003474477681e-01,8.618819825022943082e-01,8.786969557506179029e-01
nan,nan,nan,nan,nan,nan,nan,nan,nan,nan,nan,nan,nan,nan,nan,nan,nan,nan,nan,nan,nan,nan,5.369420630260466343e-01,5.347840768754413832e-01,5.326078094253168249e-01,5.304868467132712873e-01,5.285160116964195964e-01,5.268073424863569665e-01,5.254858587869274400e-01,5.246851411777588847e-01,5.245428226111222836e-01,5.251961537947169578e-01,5.267778444032024110e-01,5.294123929972764930e-01,5.237355737485404061e-01,5.300803649091874181e-01,5.601741293281768952e-01,5.889230386693100616e-01,6.163950103771413946e-01,6.426553592880428489e-01,6.677667153777682163e-01,6.917889661269278623e-01,7.147792283116121137e-01,7.367918491856997321e-01,7.578784344332056833e-01,7.780878990589581434e-01,7.974665370007274490e-01,8.160581053357005565e-01,8.339039192980877147e-01,8.510429547866393829e-01
nan,nan,nan,nan,nan,nan,nan,nan,nan,nan,nan,nan,nan,nan,nan,nan,nan,nan,nan,nan,nan,nan,nan,5.304627326970672296e-01,5.268702241477842829e-01,5.448265986391459537e-01,5.406563091731277915e-01,5.368821984911725798e-01,5.335998655960343395e-01,5.309175435699788892e-01,5.289517040982034679e-01,5.278226090459733344e-01,5.276499927198110562e-01,5.285490825461278686e-01,5.306271626494147853e-01,5.248838891828774278e-01,5.308547184484093684e-01,5.596097181140955445e-01,5.871353033070408900e-01,6.134908434896768625e-01,6.387335420849713508e-01,6.629183694058606857e-01,6.860980137623782227e-01,7.083228548021753834e-01,7.296409594899642137e-01,7.500980990984840169e-01,7.697377845649744366e-01,7.886013171732617622e-01,8.067278515005544826e-01,8.241544677582366418e-01
nan,nan,nan,nan,nan,nan,nan,nan,nan,nan,nan,nan,nan,nan,nan,nan,nan,nan,nan,nan,nan,nan,nan,nan,5.464278654533534230e-01,5.405082334223271223e-01,5.350838745442495492e-01,5.302103539293996359e-01,5.259611476767159788e-01,5.397239608037430747e-01,5.358263792277648818e-01,5.328157110998322787e-01,5.307985559741474901e-01,5.298803230666485620e-01,5.301615281919257461e-01,5.317346643214602153e-01,5.259319998450209255e-01,5.315625232209525430e-01,5.590928074370445922e-01,5.854948676858918732e-01,6.108209014792476133e-01,6.351212891010145078e-01,6.584445385509496429e-01,6.808372440480277010e-01,7.023440614893605716e-01,7.230077014851299388e-01,7.428689389892106920e-01,7.619666376968861066e-01,7.803377870086765089e-01,7.980175492796510728e-01
nan,nan,nan,nan,nan,nan,nan,nan,nan,nan,nan,nan,nan,nan,nan,nan,nan,nan,nan,nan,nan,nan,nan,nan,nan,5.383892111157688731e-01,5.315236808318744011e-01,5.253712835457917674e-01,5.389388635749015055e-01,5.332335804284705771e-01,5.284148221669620060e-01,5.245699159649339638e-01,5.363316712854567792e-01,5.335110533616480577e-01,5.319163637777025722e-01,5.316356217165710829e-01,5.327485057102412380e-01,5.268924731976828424e-01,5.322120044041847020e-01,5.586176431180122082e-01,5.839842506686264700e-01,6.083579625914974365e-01,6.317833785766937549e-01,6.543035169858251177e-01,6.759597795791369990e-01,6.967919292853215207e-01,7.168380817193724663e-01,7.361347098887545126e-01,7.547166608261746124e-01,7.726171825497516465e-01
