300,300,300,300,300,300,300,300,300,300,300,300,300,300,300,300,300,300,300,300,300,300,300,300,300,300,300,300,300,300,300,300,300,300,300,300,300,300,300,300,300,300,300,300,300,300,300,300,300,300,300,300,300,300,300,300,300,300,300,300,300,300,300,300,300,300,300,300,300,300,300,300,300,300,300,300,300,300,300,300,300,300,300,300,300,300,300,300,300,300,300,300,300,300,300,300,300,300,300,300
304.75,304.75,304.75,304.75,304.75,304.75,304.75,304.75,304.75,304.75,304.75,304.75,304.75,304.75,304.75,304.75,304.75,304.75,304.75,304.75,304.75,304.75,304.75,304.75,304.75,304.75,304.75,304.75,304.75,304.75,304.75,304.75,304.75,304.75,304.75,304.75,304.75,304.75,304.75,304.75,304.75,304.75,304.75,304.75,304.75,304.75,304.75,304.75,304.75,304.75,304.75,304.75,304.75,304.75,304.75,304.75,304.75,304.75,304.75,304.75,304.75,304.75,304.75,304.75,304.75,304.75,304.75,304.75,304.75,304.75,304.75,304.75,304.75,304.75,304.75,304.75,304.75,304.75,304.75,304.75,304.75,304.75,304.75,304.75,304.75,304.75,304.75,304.75,304.75,304.75,304.75,304.75,304.75,304.75,304.75,304.75,304.75,304.75,304.75,304.75
309.5,309.5,309.5,309.5,309.5,309.5,309.5,309.5,309.5,309.5,309.5,309.5,309.5,309.5,309.5,309.5,309.5,309.5,309.5,309.5,309.5,309.5,309.5,309.5,309.5,309.5,309.5,309.5,309.5,309.5,309.5,309.5,309.5,309.5,309.5,309.5,309.5,309.5,309.5,309.5,309.5,309.5,309.5,309.5,309.5,309.5,309.5,309.5,309.5,309.5,309.5,309.5,309.5,309.5,309.5,309.5,309.5,309.5,309.5,309.5,309.5,309.5,309.5,309.5,309.5,309.5,309.5,309.5,309.5,309.5,309.5,309.5,309.5,309.5,309.5,309.5,309.5,309.5,309.5,309.5,309.5,309.5,309.5,309.5,309.5,309.5,309.5,309.5,309.5,309.5,309.5,309.5,309.5,309.5,309.5,309.5,309.5,309.5,309.5,309.5
314.25,314.25,314.25,314.25,314.25,314.25,314.25,314.25,314.25,314.25,314.25,314.25,314.25,314.25,314.25,314.25,314.25,314.25,314.25,314.25,314.25,314.25,314.25,314.25,314.25,314.25,314.25,314.25,314.25,314.25,314.25,314.25,314.25,314.25,314.25,314.25,314.25,314.25,314.25,314.25,314.25,314.25,314.25,314.25,314.25,314.25,314.25,314.25,314.25,314.25,314.25,314.25,314.25,314.25,314.25,314.25,314.25,314.25,314.25,314.25,314.25,314.25,314.25,314.25,314.25,314.25,314.25,314.25,314.25,314.25,314.25,314.25,314.25,314.25,314.25,314.25,314.25,314.25,314.25,314.25,314.25,314.25,314.25,314.25,314.25,314.25,314.25,314.25,314.25,314.25,314.25,314.25,314.25,314.25,314.25,314.25,314.25,314.25,314.25,314.25
319,319,319,319,319,319,319,319,319,319,319,319,319,319,319,319,319,319,319,319,319,319,319,319,319,319,319,319,319,319,319,319,319,319,319,319,319,319,319,319,319,319,319,319,319,319,319,319,319,319,319,319,319,319,319,319,319,319,319,319,319,319,319,319,319,319,319,319,319,319,319,319,319,319,319,319,319,319,319,319,319,319,319,319,319,319,319,319,319,319,319,319,319,319,319,319,319,319,319,319
323.75,323.75,323.75,323.75,323.75,323.75,323.75,323.75,323.75,323.75,323.75,323.75,323.75,323.75,323.75,323.75,323.75,323.75,323.75,323.75,323.75,323.75,323.75,323.75,323.75,323.75,323.75,323.75,323.75,323.75,323.75,323.75,323.75,323.75,323.75,323.75,323.75,323.75,323.75,323.75,323.75,323.75,323.75,323.75,323.75,323.75,323.75,323.75,323.75,323.75,323.75,323.75,323.75,323.75,323.75,323.75,323.75,323.75,323.75,323.75,323.75,323.75,323.75,323.75,323.75,323.75,323.75,323.75,323.75,323.75,323.75,323.75,323.75,323.75,323.75,323.75,323.75,323.75,323.75,323.75,323.75,323.75,323.75,323.75,323.75,323.75,323.75,323.75,323.75,323.75,323.75,323.75,323.75,323.75,323.75,323.75,323.75,323.75,323.75,323.75
328.5,328.5,328.5,328.5,328.5,328.5,328.5,328.5,328.5,328.5,328.5,328.5,328.5,328.5,328.5,328.5,328.5,328.5,328.5,328.5,328.5,328.5,328.5,328.5,328.5,328.5,328.5,328.5,328.5,328.5,328.5,328.5,328.5,328.5,328.5,328.5,328.5,328.5,328.5,328.5,328.5,328.5,328.5,328.5,328.5,328.5,328.5,328.5,328.5,328.5,328.5,328.5,328.5,328.5,328.5,328.5,328.5,328.5,328.5,328.5,328.5,328.5,328.5,328.5,328.5,328.5,328.5,328.5,328.5,328.5,328.5,328.5,328.5,328.5,328.5,328.5,328.5,328.5,328.5,328.5,328.5,328.5,328.5,328.5,328.5,328.5,328.5,328.5,328.5,328.5,328.5,328.5,328.5,328.5,328.5,328.5,328.5,328.5,328.5,328.5
333.25,333.25,333.25,333.25,333.25,333.25,333.25,333.25,333.25,333.25,333.25,333.25,333.25,333.25,333.25,333.25,333.25,333.25,333.25,333.25,333.25,333.25,333.25,333.25,333.25,333.25,333.25,333.25,333.25,333.25,333.25,333.25,333.25,333.25,333.25,333.25,333.25,333.25,333.25,333.25,333.25,333.25,333.25,333.25,333.25,333.25,333.25,333.25,333.25,333.25,333.25,333.25,333.25,333.25,333.25,333.25,333.25,333.25,333.25,333.25,333.25,333.25,333.25,333.25,333.25,333.25,333.25,333.25,333.25,333.25,333.25,333.25,333.25,333.25,333.25,333.25,333.25,333.25,333.25,333.25,333.25,333.25,333.25,333.25,333.25,333.25,333.25,333.25,333.25,333.25,333.25,333.25,333.25,333.25,333.25,333.25,333.25,333.25,333.25,333.25
338,338,338,338,338,338,338,338,338,338,338,338,338,338,338,338,338,338,338,338,338,338,338,338,338,338,338,338,338,338,338,338,338,338,338,338,338,338,338,338,338,338,338,338,338,338,338,338,338,338,338,338,338,338,338,338,338,338,338,338,338,338,338,338,338,338,338,338,338,338,338,338,338,338,338,338,338,338,338,338,338,338,338,338,338,338,338,338,338,338,338,338,338,338,338,338,338,338,338,338
342.75,342.75,342.75,342.75,342.75,342.75,342.75,342.75,342.75,342.75,342.75,342.75,342.75,342.75,342.75,342.75,342.75,342.75,342.75,342.75,342.75,342.75,342.75,342.75,342.75,342.75,342.75,342.75,342.75,342.75,342.75,342.75,342.75,342.75,342.75,342.75,342.75,342.75,342.75,342.75,342.75,342.75,342.75,342.75,342.75,342.75,342.75,342.75,342.75,342.75,342.75,342.75,342.75,342.75,342.75,342.75,342.75,342.75,342.75,342.75,342.75,342.75,342.75,342.75,342.75,342.75,342.75,342.75,342.75,342.75,342.75,342.75,342.75,342.75,342.75,342.75,342.75,342.75,342.75,342.75,342.75,342.75,342.75,342.75,342.75,342.75,342.75,342.75,342.75,342.75,342.75,342.75,342.75,342.75,342.75,342.75,342.75,342.75,342.75,342.75
347.5,347.5,347.5,347.5,347.5,347.5,347.5,347.5,347.5,347.5,347.5,347.5,347.5,347.5,347.5,347.5,347.5,347.5,347.5,347.5,347.5,347.5,347.5,347.5,347.5,347.5,347.5,347.5,347.5,347.5,347.5,347.5,347.5,347.5,347.5,347.5,347.5,347.5,347.5,347.5,347.5,347.5,347.5,347.5,347.5,347.5,347.5,347.5,347.5,347.5,347.5,347.5,347.5,347.5,347.5,347.5,347.5,347.5,347.5,347.5,347.5,347.5,347.5,347.5,347.5,347.5,347.5,347.5,347.5,347.5,347.5,347.5,347.5,347.5,347.5,347.5,347.5,347.5,347.5,347.5,347.5,347.5,347.5,347.5,347.5,347.5,347.5,347.5,347.5,347.5,347.5,347.5,347.5,347.5,347.5,347.5,347.5,347.5,347.5,347.5
352.25,352.25,352.25,352.25,352.25,352.25,352.25,352.25,352.25,352.25,352.25,352.25,352.25,352.25,352.25,352.25,352.25,352.25,352.25,352.25,352.25,352.25,352.25,352.25,352.25,352.25,352.25,352.25,352.25,352.25,352.25,352.25,352.25,352.25,352.25,352.25,352.25,352.25,352.25,352.25,352.25,352.25,352.25,352.25,352.25,352.25,352.25,352.25,352.25,352.25,352.25,352.25,352.25,352.25,352.25,352.25,352.25,352.25,352.25,352.25,352.25,352.25,352.25,352.25,352.25,352.25,352.25,352.25,352.25,352.25,352.25,352.25,352.25,352.25,352.25,352.25,352.25,352.25,352.25,352.25,352.25,352.25,352.25,352.25,352.25,352.25,352.25,352.25,352.25,352.25,352.25,352.25,352.25,352.25,352.25,352.25,352.25,352.25,352.25,352.25
357,357,357,357,357,357,357,357,357,357,357,357,357,357,357,357,357,357,357,357,357,357,357,357,357,357,357,357,357,357,357,357,357,357,357,357,357,357,357,357,357,357,357,357,357,357,357,357,357,357,357,357,357,357,357,357,357,357,357,357,357,357,357,357,357,357,357,357,357,357,357,357,357,357,357,357,357,357,357,357,357,357,357,357,357,357,357,357,357,357,357,357,357,357,357,357,357,357,357,357
361.75,361.75,361.75,361.75,361.75,361.75,361.75,361.75,361.75,361.75,361.75,361.75,361.75,361.75,361.75,361.75,361.75,361.75,361.75,361.75,361.75,361.75,361.75,361.75,361.75,361.75,361.75,361.75,361.75,361.75,361.75,361.75,361.75,361.75,361.75,361.75,361.75,361.75,361.75,361.75,361.75,361.75,361.75,361.75,361.75,361.75,361.75,361.75,361.75,361.75,361.75,361.75,361.75,361.75,361.75,361.75,361.75,361.75,361.75,361.75,361.75,361.75,361.75,361.75,361.75,361.75,361.75,361.75,361.75,361.75,361.75,361.75,361.75,361.75,361.75,361.75,361.75,361.75,361.75,361.75,361.75,361.75,361.75,361.75,361.75,361.75,361.75,361.75,361.75,361.75,361.75,361.75,361.75,361.75,361.75,361.75,361.75,361.75,361.75,361.75
366.5,366.5,366.5,366.5,366.5,366.5,366.5,366.5,366.5,366.5,366.5,366.5,366.5,366.5,366.5,366.5,366.5,366.5,366.5,366.5,366.5,366.5,366.5,366.5,366.5,366.5,366.5,366.5,366.5,366.5,366.5,366.5,366.5,366.5,366.5,366.5,366.5,366.5,366.5,366.5,366.5,366.5,366.5,366.5,366.5,366.5,366.5,366.5,366.5,366.5,366.5,366.5,366.5,366.5,366.5,366.5,366.5,366.5,366.5,366.5,366.5,366.5,366.5,366.5,366.5,366.5,366.5,366.5,366.5,366.5,366.5,366.5,366.5,366.5,366.5,366.5,366.5,366.5,366.5,366.5,366.5,366.5,366.5,366.5,366.5,366.5,366.5,366.5,366.5,366.5,366.5,366.5,366.5,366.5,366.5,366.5,366.5,366.5,366.5,366.5
371.25,371.25,371.25,371.25,371.25,371.25,371.25,371.25,371.25,371.25,371.25,371.25,371.25,371.25,371.25,371.25,371.25,371.25,371.25,371.25,371.25,371.25,371.25,371.25,371.25,371.25,371.25,371.25,371.25,371.25,371.25,371.25,371.25,371.25,371.25,371.25,371.25,371.25,371.25,371.25,371.25,371.25,371.25,371.25,371.25,371.25,371.25,371.25,371.25,371.25,371.25,371.25,371.25,371.25,371.25,371.25,371.25,371.25,371.25,371.25,371.25,371.25,371.25,371.25,371.25,371.25,371.25,371.25,371.25,371.25,371.25,371.25,371.25,371.25,371.25,371.25,371.25,371.25,371.25,371.25,371.25,371.25,371.25,371.25,371.25,371.25,371.25,371.25,371.25,371.25,371.25,371.25,371.25,371.25,371.25,371.25,371.25,371.25,371.25,371.25
376,376,376,376,376,376,376,376,376,376,376,376,376,376,376,376,376,376,376,376,376,376,376,376,376,376,376,376,376,376,376,376,376,376,376,376,376,376,376,376,376,376,376,376,376,376,376,376,376,376,376,376,376,376,376,376,376,376,376,376,376,376,376,376,376,376,376,376,376,376,376,376,376,376,376,376,376,376,376,376,376,376,376,376,376,376,376,376,376,376,376,376,376,376,376,376,376,376,376,376
380.75,380.75,380.75,380.75,380.75,380.75,380.75,380.75,380.75,380.75,380.75,380.75,380.75,380.75,380.75,380.75,380.75,380.75,380.75,380.75,380.75,380.75,380.75,380.75,380.75,380.75,380.75,380.75,380.75,380.75,380.75,380.75,380.75,380.75,380.75,380.75,380.75,380.75,380.75,380.75,380.75,380.75,380.75,380.75,380.75,380.75,380.75,380.75,380.75,380.75,380.75,380.75,380.75,380.75,380.75,380.75,380.75,380.75,380.75,380.75,380.75,380.75,380.75,380.75,380.75,380.75,380.75,380.75,380.75,380.75,380.75,380.75,380.75,380.75,380.75,380.75,380.75,380.75,380.75,380.75,380.75,380.75,380.75,380.75,380.75,380.75,380.75,380.75,380.75,380.75,380.75,380.75,380.75,380.75,380.75,380.75,380.75,380.75,380.75,380.75
385.5,385.5,385.5,385.5,385.5,385.5,385.5,385.5,385.5,385.5,385.5,385.5,385.5,385.5,385.5,385.5,385.5,385.5,385.5,385.5,385.5,385.5,385.5,385.5,385.5,385.5,385.5,385.5,385.5,385.5,385.5,385.5,385.5,385.5,385.5,385.5,385.5,385.5,385.5,385.5,385.5,385.5,385.5,385.5,385.5,385.5,385.5,385.5,385.5,385.5,385.5,385.5,385.5,385.5,385.5,385.5,385.5,385.5,385.5,385.5,385.5,385.5,385.5,385.5,385.5,385.5,385.5,385.5,385.5,385.5,385.5,385.5,385.5,385.5,385.5,385.5,385.5,385.5,385.5,385.5,385.5,385.5,385.5,385.5,385.5,385.5,385.5,385.5,385.5,385.5,385.5,385.5,385.5,385.5,385.5,385.5,385.5,385.5,385.5,385.5
390.25,390.25,390.25,390.25,390.25,390.25,390.25,390.25,390.25,390.25,390.25,390.25,390.25,390.25,390.25,390.25,390.25,390.25,390.25,390.25,390.25,390.25,390.25,390.25,390.25,390.25,390.25,390.25,390.25,390.25,390.25,390.25,390.25,390.25,390.25,390.25,390.25,390.25,390.25,390.25,390.25,390.25,390.25,390.25,390.25,390.25,390.25,390.25,390.25,390.25,390.25,390.25,390.25,390.25,390.25,390.25,390.25,390.25,390.25,390.25,390.25,390.25,390.25,390.25,390.25,390.25,390.25,390.25,390.25,390.25,390.25,390.25,390.25,390.25,390.25,390.25,390.25,390.25,390.25,390.25,390.25,390.25,390.25,390.25,390.25,390.25,390.25,390.25,390.25,390.25,390.25,390.25,390.25,390.25,390.25,390.25,390.25,390.25,390.25,390.25
395,395,395,395,395,395,395,395,395,395,395,395,395,395,395,395,395,395,395,395,395,395,395,395,395,395,395,395,395,395,395,395,395,395,395,395,395,395,395,395,395,395,395,395,395,395,395,395,395,395,395,395,395,395,395,395,395,395,395,395,395,395,395,395,395,395,395,395,395,395,395,395,395,395,395,395,395,395,395,395,395,395,395,395,395,395,395,395,395,395,395,395,395,395,395,395,395,395,395,395
399.75,399.75,399.75,399.75,399.75,399.75,399.75,399.75,399.75,399.75,399.75,399.75,399.75,399.75,399.75,399.75,399.75,399.75,399.75,399.75,399.75,399.75,399.75,399.75,399.75,399.75,399.75,399.75,399.75,399.75,399.75,399.75,399.75,399.75,399.75,399.75,399.75,399.75,399.75,399.75,399.75,399.75,399.75,399.75,399.75,399.75,399.75,399.75,399.75,399.75,399.75,399.75,399.75,399.75,399.75,399.75,399.75,399.75,399.75,399.75,399.75,399.75,399.75,399.75,399.75,399.75,399.75,399.75,399.75,399.75,399.75,399.75,399.75,399.75,399.75,399.75,399.75,399.75,399.75,399.75,399.75,399.75,399.75,399.75,399.75,399.75,399.75,399.75,399.75,399.75,399.75,399.75,399.75,399.75,399.75,399.75,399.75,399.75,399.75,399.75
404.5,404.5,404.5,404.5,404.5,404.5,404.5,404.5,404.5,404.5,404.5,404.5,404.5,404.5,404.5,404.5,404.5,404.5,404.5,404.5,404.5,404.5,404.5,404.5,404.5,404.5,404.5,404.5,404.5,404.5,404.5,404.5,404.5,404.5,404.5,404.5,404.5,404.5,404.5,404.5,404.5,404.5,404.5,404.5,404.5,404.5,404.5,404.5,404.5,404.5,404.5,404.5,404.5,404.5,404.5,404.5,404.5,404.5,404.5,404.5,404.5,404.5,404.5,404.5,404.5,404.5,404.5,404.5,404.5,404.5,404.5,404.5,404.5,404.5,404.5,404.5,404.5,404.5,404.5,404.5,404.5,404.5,404.5,404.5,404.5,404.5,404.5,404.5,404.5,404.5,404.5,404.5,404.5,404.5,404.5,404.5,404.5,404.5,404.5,404.5
409.25,409.25,409.25,409.25,409.25,409.25,409.25,409.25,409.25,409.25,409.25,409.25,409.25,409.25,409.25,409.25,409.25,409.25,409.25,409.25,409.25,409.25,409.25,409.25,409.25,409.25,409.25,409.25,409.25,409.25,409.25,409.25,409.25,409.25,409.25,409.25,409.25,409.25,409.25,409.25,409.25,409.25,409.25,409.25,409.25,409.25,409.25,409.25,409.25,409.25,409.25,409.25,409.25,409.25,409.25,409.25,409.25,409.25,409.25,409.25,409.25,409.25,409.25,409.25,409.25,409.25,409.25,409.25,409.25,409.25,409.25,409.25,409.25,409.25,409.25,409.25,409.25,409.25,409.25,409.25,409.25,409.25,409.25,409.25,409.25,409.25,409.25,409.25,409.25,409.25,409.25,409.25,409.25,409.25,409.25,409.25,409.25,409.25,409.25,409.25
414,414,414,414,414,414,414,414,414,414,414,414,414,414,414,414,414,414,414,414,414,414,414,414,414,414,414,414,414,414,414,414,414,414,414,414,414,414,414,414,414,414,414,414,414,414,414,414,414,414,414,414,414,414,414,414,414,414,414,414,414,414,414,414,414,414,414,414,414,414,414,414,414,414,414,414,414,414,414,414,414,414,414,414,414,414,414,414,414,414,414,414,414,414,414,414,414,414,414,414
418.75,418.75,418.75,418.75,418.75,418.75,418.75,418.75,418.75,418.75,418.75,418.75,418.75,418.75,418.75,418.75,418.75,418.75,418.75,418.75,418.75,418.75,418.75,418.75,418.75,418.75,418.75,418.75,418.75,418.75,418.75,418.75,418.75,418.75,418.75,418.75,418.75,418.75,418.75,418.75,418.75,418.75,418.75,418.75,418.75,418.75,418.75,418.75,418.75,418.75,418.75,418.75,418.75,418.75,418.75,418.75,418.75,418.75,418.75,418.75,418.75,418.75,418.75,418.75,418.75,418.75,418.75,418.75,418.75,418.75,418.75,418.75,418.75,418.75,418.75,418.75,418.75,418.75,418.75,418.75,418.75,418.75,418.75,418.75,418.75,418.75,418.75,418.75,418.75,418.75,418.75,418.75,418.75,418.75,418.75,418.75,418.75,418.75,418.75,418.75
423.5,423.5,423.5,423.5,423.5,423.5,423.5,423.5,423.5,423.5,423.5,423.5,423.5,423.5,423.5,423.5,423.5,423.5,423.5,423.5,423.5,423.5,423.5,423.5,423.5,423.5,423.5,423.5,423.5,423.5,423.5,423.5,423.5,423.5,423.5,423.5,423.5,423.5,423.5,423.5,423.5,423.5,423.5,423.5,423.5,423.5,423.5,423.5,423.5,423.5,423.5,423.5,423.5,423.5,423.5,423.5,423.5,423.5,423.5,423.5,423.5,423.5,423.5,423.5,423.5,423.5,423.5,423.5,423.5,423.5,423.5,423.5,423.5,423.5,423.5,423.5,423.5,423.5,423.5,423.5,423.5,423.5,423.5,423.5,423.5,423.5,423.5,423.5,423.5,423.5,423.5,423.5,423.5,423.5,423.5,423.5,423.5,423.5,423.5,423.5
428.25,428.25,428.25,428.25,428.25,428.25,428.25,428.25,428.25,428.25,428.25,428.25,428.25,428.25,428.25,428.25,428.25,428.25,428.25,428.25,428.25,428.25,428.25,428.25,428.25,428.25,428.25,428.25,428.25,428.25,428.25,428.25,428.25,428.25,428.25,428.25,428.25,428.25,428.25,428.25,428.25,428.25,428.25,428.25,428.25,428.25,428.25,428.25,428.25,428.25,428.25,428.25,428.25,428.25,428.25,428.25,428.25,428.25,428.25,428.25,428.25,428.25,428.25,428.25,428.25,428.25,428.25,428.25,428.25,428.25,428.25,428.25,428.25,428.25,428.25,428.25,428.25,428.25,428.25,428.25,428.25,428.25,428.25,428.25,428.25,428.25,428.25,428.25,428.25,428.25,428.25,428.25,428.25,428.25,428.25,428.25,428.25,428.25,428.25,428.25
433,433,433,433,433,433,433,433,433,433,433,433,433,433,433,433,433,433,433,433,433,433,433,433,433,433,433,433,433,433,433,433,433,433,433,433,433,433,433,433,433,433,433,433,433,433,433,433,433,433,433,433,433,433,433,433,433,433,433,433,433,433,433,433,433,433,433,433,433,433,433,433,433,433,433,433,433,433,433,433,433,433,433,433,433,433,433,433,433,433,433,433,433,433,433,433,433,433,433,433
437.75,437.75,437.75,437.75,437.75,437.75,437.75,437.75,437.75,437.75,437.75,437.75,437.75,437.75,437.75,437.75,437.75,437.75,437.75,437.75,437.75,437.75,437.75,437.75,437.75,437.75,437.75,437.75,437.75,437.75,437.75,437.75,437.75,437.75,437.75,437.75,437.75,437.75,437.75,437.75,437.75,437.75,437.75,437.75,437.75,437.75,437.75,437.75,437.75,437.75,437.75,437.75,437.75,437.75,437.75,437.75,437.75,437.75,437.75,437.75,437.75,437.75,437.75,437.75,437.75,437.75,437.75,437.75,437.75,437.75,437.75,437.75,437.75,437.75,437.75,437.75,437.75,437.75,437.75,437.75,437.75,437.75,437.75,437.75,437.75,437.75,437.75,437.75,437.75,437.75,437.75,437.75,437.75,437.75,437.75,437.75,437.75,437.75,437.75,437.75
442.5,442.5,442.5,442.5,442.5,442.5,442.5,442.5,442.5,442.5,442.5,442.5,442.5,442.5,442.5,442.5,442.5,442.5,442.5,442.5,442.5,442.5,442.5,442.5,442.5,442.5,442.5,442.5,442.5,442.5,442.5,442.5,442.5,442.5,442.5,442.5,442.5,442.5,442.5,442.5,442.5,442.5,442.5,442.5,442.5,442.5,442.5,442.5,442.5,442.5,442.5,442.5,442.5,442.5,442.5,442.5,442.5,442.5,442.5,442.5,442.5,442.5,442.5,442.5,442.5,442.5,442.5,442.5,442.5,442.5,442.5,442.5,442.5,442.5,442.5,442.5,442.5,442.5,442.5,442.5,442.5,442.5,442.5,442.5,442.5,442.5,442.5,442.5,442.5,442.5,442.5,442.5,442.5,442.5,442.5,442.5,442.5,442.5,442.5,442.5
447.25,447.25,447.25,447.25,447.25,447.25,447.25,447.25,447.25,447.25,447.25,447.25,447.25,447.25,447.25,447.25,447.25,447.25,447.25,447.25,447.25,447.25,447.25,447.25,447.25,447.25,447.25,447.25,447.25,447.25,447.25,447.25,447.25,447.25,447.25,447.25,447.25,447.25,447.25,447.25,447.25,447.25,447.25,447.25,447.25,447.25,447.25,447.25,447.25,447.25,447.25,447.25,447.25,447.25,447.25,447.25,447.25,447.25,447.25,447.25,447.25,447.25,447.25,447.25,447.25,447.25,447.25,447.25,447.25,447.25,447.25,447.25,447.25,447.25,447.25,447.25,447.25,447.25,447.25,447.25,447.25,447.25,447.25,447.25,447.25,447.25,447.25,447.25,447.25,447.25,447.25,447.25,447.25,447.25,447.25,447.25,447.25,447.25,447.25,447.25
452,452,452,452,452,452,452,452,452,452,452,452,452,452,452,452,452,452,452,452,452,452,452,452,452,452,452,452,452,452,452,452,452,452,452,452,452,452,452,452,452,452,452,452,452,452,452,452,452,452,452,452,452,452,452,452,452,452,452,452,452,452,452,452,452,452,452,452,452,452,452,452,452,452,452,452,452,452,452,452,452,452,452,452,452,452,452,452,452,452,452,452,452,452,452,452,452,452,452,452
456.75,456.75,456.75,456.75,456.75,456.75,456.75,456.75,456.75,456.75,456.75,456.75,456.75,456.75,456.75,456.75,456.75,456.75,456.75,456.75,456.75,456.75,456.75,456.75,456.75,456.75,456.75,456.75,456.75,456.75,456.75,456.75,456.75,456.75,456.75,456.75,456.75,456.75,456.75,456.75,456.75,456.75,456.75,456.75,456.75,456.75,456.75,456.75,456.75,456.75,456.75,456.75,456.75,456.75,456.75,456.75,456.75,456.75,456.75,456.75,456.75,456.75,456.75,456.75,456.75,456.75,456.75,456.75,456.75,456.75,456.75,456.75,456.75,456.75,456.75,456.75,456.75,456.75,456.75,456.75,456.75,456.75,456.75,456.75,456.75,456.75,456.75,456.75,456.75,456.75,456.75,456.75,456.75,456.75,456.75,456.75,456.75,456.75,456.75,456.75
461.5,461.5,461.5,461.5,461.5,461.5,461.5,461.5,461.5,461.5,461.5,461.5,461.5,461.5,461.5,461.5,461.5,461.5,461.5,461.5,461.5,461.5,461.5,461.5,461.5,461.5,461.5,461.5,461.5,461.5,461.5,461.5,461.5,461.5,461.5,461.5,461.5,461.5,461.5,461.5,461.5,461.5,461.5,461.5,461.5,461.5,461.5,461.5,461.5,461.5,461.5,461.5,461.5,461.5,461.5,461.5,461.5,461.5,461.5,461.5,461.5,461.5,461.5,461.5,461.5,461.5,461.5,461.5,461.5,461.5,461.5,461.5,461.5,461.5,461.5,461.5,461.5,461.5,461.5,461.5,461.5,461.5,461.5,461.5,461.5,461.5,461.5,461.5,461.5,461.5,461.5,461.5,461.5,461.5,461.5,461.5,461.5,461.5,461.5,461.5
466.25,466.25,466.25,466.25,466.25,466.25,466.25,466.25,466.25,466.25,466.25,466.25,466.25,466.25,466.25,466.25,466.25,466.25,466.25,466.25,466.25,466.25,466.25,466.25,466.25,466.25,466.25,466.25,466.25,466.25,466.25,466.25,466.25,466.25,466.25,466.25,466.25,466.25,466.25,466.25,466.25,466.25,466.25,466.25,466.25,466.25,466.25,466.25,466.25,466.25,466.25,466.25,466.25,466.25,466.25,466.25,466.25,466.25,466.25,466.25,466.25,466.25,466.25,466.25,466.25,466.25,466.25,466.25,466.25,466.25,466.25,466.25,466.25,466.25,466.25,466.25,466.25,466.25,466.25,466.25,466.25,466.25,466.25,466.25,466.25,466.25,466.25,466.25,466.25,466.25,466.25,466.25,466.25,466.25,466.25,466.25,466.25,466.25,466.25,466.25
471,471,471,471,471,471,471,471,471,471,471,471,471,471,471,471,471,471,471,471,471,471,471,471,471,471,471,471,471,471,471,471,471,471,471,471,471,471,471,471,471,471,471,471,471,471,471,471,471,471,471,471,471,471,471,471,471,471,471,471,471,471,471,471,471,471,471,471,471,471,471,471,471,471,471,471,471,471,471,471,471,471,471,471,471,471,471,471,471,471,471,471,471,471,471,471,471,471,471,471
475.75,475.75,475.75,475.75,475.75,475.75,475.75,475.75,475.75,475.75,475.75,475.75,475.75,475.75,475.75,475.75,475.75,475.75,475.75,475.75,475.75,475.75,475.75,475.75,475.75,475.75,475.75,475.75,475.75,475.75,475.75,475.75,475.75,475.75,475.75,475.75,475.75,475.75,475.75,475.75,475.75,475.75,475.75,475.75,475.75,475.75,475.75,475.75,475.75,475.75,475.75,475.75,475.75,475.75,475.75,475.75,475.75,475.75,475.75,475.75,475.75,475.75,475.75,475.75,475.75,475.75,475.75,475.75,475.75,475.75,475.75,475.75,475.75,475.75,475.75,475.75,475.75,475.75,475.75,475.75,475.75,475.75,475.75,475.75,475.75,475.75,475.75,475.75,475.75,475.75,475.75,475.75,475.75,475.75,475.75,475.75,475.75,475.75,475.75,475.75
480.5,480.5,480.5,480.5,480.5,480.5,480.5,480.5,480.5,480.5,480.5,480.5,480.5,480.5,480.5,480.5,480.5,480.5,480.5,480.5,480.5,480.5,480.5,480.5,480.5,480.5,480.5,480.5,480.5,480.5,480.5,480.5,480.5,480.5,480.5,480.5,480.5,480.5,480.5,480.5,480.5,480.5,480.5,480.5,480.5,480.5,480.5,480.5,480.5,480.5,480.5,480.5,480.5,480.5,480.5,480.5,480.5,480.5,480.5,480.5,480.5,480.5,480.5,480.5,480.5,480.5,480.5,480.5,480.5,480.5,480.5,480.5,480.5,480.5,480.5,480.5,480.5,480.5,480.5,480.5,480.5,480.5,480.5,480.5,480.5,480.5,480.5,480.5,480.5,480.5,480.5,480.5,480.5,480.5,480.5,480.5,480.5,480.5,480.5,480.5
485.25,485.25,485.25,485.25,485.25,485.25,485.25,485.25,485.25,485.25,485.25,485.25,485.25,485.25,485.25,485.25,485.25,485.25,485.25,485.25,485.25,485.25,485.25,485.25,485.25,485.25,485.25,485.25,485.25,485.25,485.25,485.25,485.25,485.25,485.25,485.25,485.25,485.25,485.25,485.25,485.25,485.25,485.25,485.25,485.25,485.25,485.25,485.25,485.25,485.25,485.25,485.25,485.25,485.25,485.25,485.25,485.25,485.25,485.25,485.25,485.25,485.25,485.25,485.25,485.25,485.25,485.25,485.25,485.25,485.25,485.25,485.25,485.25,485.25,485.25,485.25,485.25,485.25,485.25,485.25,485.25,485.25,485.25,485.25,485.25,485.25,485.25,485.25,485.25,485.25,485.25,485.25,485.25,485.25,485.25,485.25,485.25,485.25,485.25,485.25
490,490,490,490,490,490,490,490,490,490,490,490,490,490,490,490,490,490,490,490,490,490,490,490,490,490,490,490,490,490,490,490,490,490,490,490,490,490,490,490,490,490,490,490,490,490,490,490,490,490,490,490,490,490,490,490,490,490,490,490,490,490,490,490,490,490,490,490,490,490,490,490,490,490,490,490,490,490,490,490,490,490,490,490,490,490,490,490,490,490,490,490,490,490,490,490,490,490,490,490
494.75,494.75,494.75,494.75,494.75,494.75,494.75,494.75,494.75,494.75,494.75,494.75,494.75,494.75,494.75,494.75,494.75,494.75,494.75,494.75,494.75,494.75,494.75,494.75,494.75,494.75,494.75,494.75,494.75,494.75,494.75,494.75,494.75,494.75,494.75,494.75,494.75,494.75,494.75,494.75,494.75,494.75,494.75,494.75,494.75,494.75,494.75,494.75,494.75,494.75,494.75,494.75,494.75,494.75,494.75,494.75,494.75,494.75,494.75,494.75,494.75,494.75,494.75,494.75,494.75,494.75,494.75,494.75,494.75,494.75,494.75,494.75,494.75,494.75,494.75,494.75,494.75,494.75,494.75,494.75,494.75,494.75,494.75,494.75,494.75,494.75,494.75,494.75,494.75,494.75,494.75,494.75,494.75,494.75,494.75,494.75,494.75,494.75,494.75,494.75
499.5,499.5,499.5,499.5,499.5,499.5,499.5,499.5,499.5,499.5,499.5,499.5,499.5,499.5,499.5,499.5,499.5,499.5,499.5,499.5,499.5,499.5,499.5,499.5,499.5,499.5,499.5,499.5,499.5,499.5,499.5,499.5,499.5,499.5,499.5,499.5,499.5,499.5,499.5,499.5,499.5,499.5,499.5,499.5,499.5,499.5,499.5,499.5,499.5,499.5,499.5,499.5,499.5,499.5,499.5,499.5,499.5,499.5,499.5,499.5,499.5,499.5,499.5,499.5,499.5,499.5,499.5,499.5,499.5,499.5,499.5,499.5,499.5,499.5,499.5,499.5,499.5,499.5,499.5,499.5,499.5,499.5,499.5,499.5,499.5,499.5,499.5,499.5,499.5,499.5,499.5,499.5,499.5,499.5,499.5,499.5,499.5,499.5,499.5,499.5
504.25,504.25,504.25,504.25,504.25,504.25,504.25,504.25,504.25,504.25,504.25,504.25,504.25,504.25,504.25,504.25,504.25,504.25,504.25,504.25,504.25,504.25,504.25,504.25,504.25,504.25,504.25,504.25,504.25,504.25,504.25,504.25,504.25,504.25,504.25,504.25,504.25,504.25,504.25,504.25,504.25,504.25,504.25,504.25,504.25,504.25,504.25,504.25,504.25,504.25,504.25,504.25,504.25,504.25,504.25,504.25,504.25,504.25,504.25,504.25,504.25,504.25,504.25,504.25,504.25,504.25,504.25,504.25,504.25,504.25,504.25,504.25,504.25,504.25,504.25,504.25,504.25,504.25,504.25,504.25,504.25,504.25,504.25,504.25,504.25,504.25,504.25,504.25,504.25,504.25,504.25,504.25,504.25,504.25,504.25,504.25,504.25,504.25,504.25,504.25
509,509,509,509,509,509,509,509,509,509,509,509,509,509,509,509,509,509,509,509,509,509,509,509,509,509,509,509,509,509,509,509,509,509,509,509,509,509,509,509,509,509,509,509,509,509,509,509,509,509,509,509,509,509,509,509,509,509,509,509,509,509,509,509,509,509,509,509,509,509,509,509,509,509,509,509,509,509,509,509,509,509,509,509,509,509,509,509,509,509,509,509,509,509,509,509,509,509,509,509
514,514,514,514,514,514,514,514,514,514,514,514,514,514,514,514,514,514,514,514,514,514,514,514,514,514,514,514,514,514,514,514,514,514,514,514,514,514,514,514,514,514,514,514,514,514,514,514,514,514,514,514,514,514,514,514,514,514,514,514,514,514,514,514,514,514,514,514,514,514,514,514,514,514,514,514,514,514,514,514,514,514,514,514,514,514,514,514,514,514,514,514,514,514,514,514,514,514,514,514
518.5,518.5,518.5,518.5,518.5,518.5,518.5,518.5,518.5,518.5,518.5,518.5,518.5,518.5,518.5,518.5,518.5,518.5,518.5,518.5,518.5,518.5,518.5,518.5,518.5,518.5,518.5,518.5,518.5,518.5,518.5,518.5,518.5,518.5,518.5,518.5,518.5,518.5,518.5,518.5,518.5,518.5,518.5,518.5,518.5,518.5,518.5,518.5,518.5,518.5,518.5,518.5,518.5,518.5,518.5,518.5,518.5,518.5,518.5,518.5,518.5,518.5,518.5,518.5,518.5,518.5,518.5,518.5,518.5,518.5,518.5,518.5,518.5,518.5,518.5,518.5,518.5,518.5,518.5,518.5,518.5,518.5,518.5,518.5,518.5,518.5,518.5,518.5,518.5,518.5,518.5,518.5,518.5,518.5,518.5,518.5,518.5,518.5,518.5,518.5
523,523,523,523,523,523,523,523,523,523,523,523,523,523,523,523,523,523,523,523,523,523,523,523,523,523,523,523,523,523,523,523,523,523,523,523,523,523,523,523,523,523,523,523,523,523,523,523,523,523,523,523,523,523,523,523,523,523,523,523,523,523,523,523,523,523,523,523,523,523,523,523,523,523,523,523,523,523,523,523,523,523,523,523,523,523,523,523,523,523,523,523,523,523,523,523,523,523,523,523
528,528,528,528,528,528,528,528,528,528,528,528,528,528,528,528,528,528,528,528,528,528,528,528,528,528,528,528,528,528,528,528,528,528,528,528,528,528,528,528,528,528,528,528,528,528,528,528,528,528,528,528,528,528,528,528,528,528,528,528,528,528,528,528,528,528,528,528,528,528,528,528,528,528,528,528,528,528,528,528,528,528,528,528,528,528,528,528,528,528,528,528,528,528,528,528,528,528,528,528
533,533,533,533,533,533,533,533,533,533,533,533,533,533,533,533,533,533,533,533,533,533,533,533,533,533,533,533,533,533,533,533,533,533,533,533,533,533,533,533,533,533,533,533,533,533,533,533,533,533,533,533,533,533,533,533,533,533,533,533,533,533,533,533,533,533,533,533,533,533,533,533,533,533,533,533,533,533,533,533,533,533,533,533,533,533,533,533,533,533,533,533,533,533,533,533,533,533,533,533
537.5,537.5,537.5,537.5,537.5,537.5,537.5,537.5,537.5,537.5,537.5,537.5,537.5,537.5,537.5,537.5,537.5,537.5,537.5,537.5,537.5,537.5,537.5,537.5,537.5,537.5,537.5,537.5,537.5,537.5,537.5,537.5,537.5,537.5,537.5,537.5,537.5,537.5,537.5,537.5,537.5,537.5,537.5,537.5,537.5,537.5,537.5,537.5,537.5,537.5,537.5,537.5,537.5,537.5,537.5,537.5,537.5,537.5,537.5,537.5,537.5,537.5,537.5,537.5,537.5,537.5,537.5,537.5,537.5,537.5,537.5,537.5,537.5,537.5,537.5,537.5,537.5,537.5,537.5,537.5,537.5,537.5,537.5,537.5,537.5,537.5,537.5,537.5,537.5,537.5,537.5,537.5,537.5,537.5,537.5,537.5,537.5,537.5,537.5,537.5
542,542,542,542,542,542,542,542,542,542,542,542,542,542,542,542,542,542,542,542,542,542,542,542,542,542,542,542,542,542,542,542,542,542,542,542,542,542,542,542,542,542,542,542,542,542,542,542,542,542,542,542,542,542,542,542,542,542,542,542,542,542,542,542,542,542,542,542,542,542,542,542,542,542,542,542,542,542,542,542,542,542,542,542,542,542,542,542,542,542,542,542,542,542,542,542,542,542,542,542
547,547,547,547,547,547,547,547,547,547,547,547,547,547,547,547,547,547,547,547,547,547,547,547,547,547,547,547,547,547,547,547,547,547,547,547,547,547,547,547,547,547,547,547,547,547,547,547,547,547,547,547,547,547,547,547,547,547,547,547,547,547,547,547,547,547,547,547,547,547,547,547,547,547,547,547,547,547,547,547,547,547,547,547,547,547,547,547,547,547,547,547,547,547,547,547,547,547,547,547
552,552,552,552,552,552,552,552,552,552,552,552,552,552,552,552,552,552,552,552,552,552,552,552,552,552,552,552,552,552,552,552,552,552,552,552,552,552,552,552,552,552,552,552,552,552,552,552,552,552,552,552,552,552,552,552,552,552,552,552,552,552,552,552,552,552,552,552,552,552,552,552,552,552,552,552,552,552,552,552,552,552,552,552,552,552,552,552,552,552,552,552,552,552,552,552,552,552,552,552
556.5,556.5,556.5,556.5,556.5,556.5,556.5,556.5,556.5,556.5,556.5,556.5,556.5,556.5,556.5,556.5,556.5,556.5,556.5,556.5,556.5,556.5,556.5,556.5,556.5,556.5,556.5,556.5,556.5,556.5,556.5,556.5,556.5,556.5,556.5,556.5,556.5,556.5,556.5,556.5,556.5,556.5,556.5,556.5,556.5,556.5,556.5,556.5,556.5,556.5,556.5,556.5,556.5,556.5,556.5,556.5,556.5,556.5,556.5,556.5,556.5,556.5,556.5,556.5,556.5,556.5,556.5,556.5,556.5,556.5,556.5,556.5,556.5,556.5,556.5,556.5,556.5,556.5,556.5,556.5,556.5,556.5,556.5,556.5,556.5,556.5,556.5,556.5,556.5,556.5,556.5,556.5,556.5,556.5,556.5,556.5,556.5,556.5,556.5,556.5
561,561,561,561,561,561,561,561,561,561,561,561,561,561,561,561,561,561,561,561,561,561,561,561,561,561,561,561,561,561,561,561,561,561,561,561,561,561,561,561,561,561,561,561,561,561,561,561,561,561,561,561,561,561,561,561,561,561,561,561,561,561,561,561,561,561,561,561,561,561,561,561,561,561,561,561,561,561,561,561,561,561,561,561,561,561,561,561,561,561,561,561,561,561,561,561,561,561,561,561
566,566,566,566,566,566,566,566,566,566,566,566,566,566,566,566,566,566,566,566,566,566,566,566,566,566,566,566,566,566,566,566,566,566,566,566,566,566,566,566,566,566,566,566,566,566,566,566,566,566,566,566,566,566,566,566,566,566,566,566,566,566,566,566,566,566,566,566,566,566,566,566,566,566,566,566,566,566,566,566,566,566,566,566,566,566,566,566,566,566,566,566,566,566,566,566,566,566,566,566
571,571,571,571,571,571,571,571,571,571,571,571,571,571,571,571,571,571,571,571,571,571,571,571,571,571,571,571,571,571,571,571,571,571,571,571,571,571,571,571,571,571,571,571,571,571,571,571,571,571,571,571,571,571,571,571,571,571,571,571,571,571,571,571,571,571,571,571,571,571,571,571,571,571,571,571,571,571,571,571,571,571,571,571,571,571,571,571,571,571,571,571,571,571,571,571,571,571,571,571
575.5,575.5,575.5,575.5,575.5,575.5,575.5,575.5,575.5,575.5,575.5,575.5,575.5,575.5,575.5,575.5,575.5,575.5,575.5,575.5,575.5,575.5,575.5,575.5,575.5,575.5,575.5,575.5,575.5,575.5,575.5,575.5,575.5,575.5,575.5,575.5,575.5,575.5,575.5,575.5,575.5,575.5,575.5,575.5,575.5,575.5,575.5,575.5,575.5,575.5,575.5,575.5,575.5,575.5,575.5,575.5,575.5,575.5,575.5,575.5,575.5,575.5,575.5,575.5,575.5,575.5,575.5,575.5,575.5,575.5,575.5,575.5,575.5,575.5,575.5,575.5,575.5,575.5,575.5,575.5,575.5,575.5,575.5,575.5,575.5,575.5,575.5,575.5,575.5,575.5,575.5,575.5,575.5,575.5,575.5,575.5,575.5,575.5,575.5,575.5
580,580,580,580,580,580,580,580,580,580,580,580,580,580,580,580,580,580,580,580,580,580,580,580,580,580,580,580,580,580,580,580,580,580,580,580,580,580,580,580,580,580,580,580,580,580,580,580,580,580,580,580,580,580,580,580,580,580,580,580,580,580,580,580,580,580,580,580,580,580,580,580,580,580,580,580,580,580,580,580,580,580,580,580,580,580,580,580,580,580,580,580,580,580,580,580,580,580,580,580
585,585,585,585,585,585,585,585,585,585,585,585,585,585,585,585,585,585,585,585,585,585,585,585,585,585,585,585,585,585,585,585,585,585,585,585,585,585,585,585,585,585,585,585,585,585,585,585,585,585,585,585,585,585,585,585,585,585,585,585,585,585,585,585,585,585,585,585,585,585,585,585,585,585,585,585,585,585,585,585,585,585,585,585,585,585,585,585,585,585,585,585,585,585,585,585,585,585,585,585
590,590,590,590,590,590,590,590,590,590,590,590,590,590,590,590,590,590,590,590,590,590,590,590,590,590,590,590,590,590,590,590,590,590,590,590,590,590,590,590,590,590,590,590,590,590,590,590,590,590,590,590,590,590,590,590,590,590,590,590,590,590,590,590,590,590,590,590,590,590,590,590,590,590,590,590,590,590,590,590,590,590,590,590,590,590,590,590,590,590,590,590,590,590,590,590,590,590,590,590
594.5,594.5,594.5,594.5,594.5,594.5,594.5,594.5,594.5,594.5,594.5,594.5,594.5,594.5,594.5,594.5,594.5,594.5,594.5,594.5,594.5,594.5,594.5,594.5,594.5,594.5,594.5,594.5,594.5,594.5,594.5,594.5,594.5,594.5,594.5,594.5,594.5,594.5,594.5,594.5,594.5,594.5,594.5,594.5,594.5,594.5,594.5,594.5,594.5,594.5,594.5,594.5,594.5,594.5,594.5,594.5,594.5,594.5,594.5,594.5,594.5,594.5,594.5,594.5,594.5,594.5,594.5,594.5,594.5,594.5,594.5,594.5,594.5,594.5,594.5,594.5,594.5,594.5,594.5,594.5,594.5,594.5,594.5,594.5,594.5,594.5,594.5,594.5,594.5,594.5,594.5,594.5,594.5,594.5,594.5,594.5,594.5,594.5,594.5,594.5
599,599,599,599,599,599,599,599,599,599,599,599,599,599,599,599,599,599,599,599,599,599,599,599,599,599,599,599,599,599,599,599,599,599,599,599,599,599,599,599,599,599,599,599,599,599,599,599,599,599,599,599,599,599,599,599,599,599,599,599,599,599,599,599,599,599,599,599,599,599,599,599,599,599,599,599,599,599,599,599,599,599,599,599,599,599,599,599,599,599,599,599,599,599,599,599,599,599,599,599
604,604,604,604,604,604,604,604,604,604,604,604,604,604,604,604,604,604,604,604,604,604,604,604,604,604,604,604,604,604,604,604,604,604,604,604,604,604,604,604,604,604,604,604,604,604,604,604,604,604,604,604,604,604,604,604,604,604,604,604,604,604,604,604,604,604,604,604,604,604,604,604,604,604,604,604,604,604,604,604,604,604,604,604,604,604,604,604,604,604,604,604,604,604,604,604,604,604,604,604
609,609,609,609,609,609,609,609,609,609,609,609,609,609,609,609,609,609,609,609,609,609,609,609,609,609,609,609,609,609,609,609,609,609,609,609,609,609,609,609,609,609,609,609,609,609,609,609,609,609,609,609,609,609,609,609,609,609,609,609,609,609,609,609,609,609,609,609,609,609,609,609,609,609,609,609,609,609,609,609,609,609,609,609,609,609,609,609,609,609,609,609,609,609,609,609,609,609,609,609
613.5,613.5,613.5,613.5,613.5,613.5,613.5,613.5,613.5,613.5,613.5,613.5,613.5,613.5,613.5,613.5,613.5,613.5,613.5,613.5,613.5,613.5,613.5,613.5,613.5,613.5,613.5,613.5,613.5,613.5,613.5,613.5,613.5,613.5,613.5,613.5,613.5,613.5,613.5,613.5,613.5,613.5,613.5,613.5,613.5,613.5,613.5,613.5,613.5,613.5,613.5,613.5,613.5,613.5,613.5,613.5,613.5,613.5,613.5,613.5,613.5,613.5,613.5,613.5,613.5,613.5,613.5,613.5,613.5,613.5,613.5,613.5,613.5,613.5,613.5,613.5,613.5,613.5,613.5,613.5,613.5,613.5,613.5,613.5,613.5,613.5,613.5,613.5,613.5,613.5,613.5,613.5,613.5,613.5,613.5,613.5,613.5,613.5,613.5,613.5
618,618,618,618,618,618,618,618,618,618,618,618,618,618,618,618,618,618,618,618,618,618,618,618,618,618,618,618,618,618,618,618,618,618,618,618,618,618,618,618,618,618,618,618,618,618,618,618,618,618,618,618,618,618,618,618,618,618,618,618,618,618,618,618,618,618,618,618,618,618,618,618,618,618,618,618,618,618,618,618,618,618,618,618,618,618,618,618,618,618,618,618,618,618,618,618,618,618,618,618
623,623,623,623,623,623,623,623,623,623,623,623,623,623,623,623,623,623,623,623,623,623,623,623,623,623,623,623,623,623,623,623,623,623,623,623,623,623,623,623,623,623,623,623,623,623,623,623,623,623,623,623,623,623,623,623,623,623,623,623,623,623,623,623,623,623,623,623,623,623,623,623,623,623,623,623,623,623,623,623,623,623,623,623,623,623,623,623,623,623,623,623,623,623,623,623,623,623,623,623
628,628,628,628,628,628,628,628,628,628,628,628,628,628,628,628,628,628,628,628,628,628,628,628,628,628,628,628,628,628,628,628,628,628,628,628,628,628,628,628,628,628,628,628,628,628,628,628,628,628,628,628,628,628,628,628,628,628,628,628,628,628,628,628,628,628,628,628,628,628,628,628,628,628,628,628,628,628,628,628,628,628,628,628,628,628,628,628,628,628,628,628,628,628,628,628,628,628,628,628
632.5,632.5,632.5,632.5,632.5,632.5,632.5,632.5,632.5,632.5,632.5,632.5,632.5,632.5,632.5,632.5,632.5,632.5,632.5,632.5,632.5,632.5,632.5,632.5,632.5,632.5,632.5,632.5,632.5,632.5,632.5,632.5,632.5,632.5,632.5,632.5,632.5,632.5,632.5,632.5,632.5,632.5,632.5,632.5,632.5,632.5,632.5,632.5,632.5,632.5,632.5,632.5,632.5,632.5,632.5,632.5,632.5,632.5,632.5,632.5,632.5,632.5,632.5,632.5,632.5,632.5,632.5,632.5,632.5,632.5,632.5,632.5,632.5,632.5,632.5,632.5,632.5,632.5,632.5,632.5,632.5,632.5,632.5,632.5,632.5,632.5,632.5,632.5,632.5,632.5,632.5,632.5,632.5,632.5,632.5,632.5,632.5,632.5,632.5,632.5
637,637,637,637,637,637,637,637,637,637,637,637,637,637,637,637,637,637,637,637,637,637,637,637,637,637,637,637,637,637,637,637,637,637,637,637,637,637,637,637,637,637,637,637,637,637,637,637,637,637,637,637,637,637,637,637,637,637,637,637,637,637,637,637,637,637,637,637,637,637,637,637,637,637,637,637,637,637,637,637,637,637,637,637,637,637,637,637,637,637,637,637,637,637,637,637,637,637,637,637
642,642,642,642,642,642,642,642,642,642,642,642,642,642,642,642,642,642,642,642,642,642,642,642,642,642,642,642,642,642,642,642,642,642,642,642,642,642,642,642,642,642,642,642,642,642,642,642,642,642,642,642,642,642,642,642,642,642,642,642,642,642,642,642,642,642,642,642,642,642,642,642,642,642,642,642,642,642,642,642,642,642,642,642,642,642,642,642,642,642,642,642,642,642,642,642,642,642,642,642
647,647,647,647,647,647,647,647,647,647,647,647,647,647,647,647,647,647,647,647,647,647,647,647,647,647,647,647,647,647,647,647,647,647,647,647,647,647,647,647,647,647,647,647,647,647,647,647,647,647,647,647,647,647,647,647,647,647,647,647,647,647,647,647,647,647,647,647,647,647,647,647,647,647,647,647,647,647,647,647,647,647,647,647,647,647,647,647,647,647,647,647,647,647,647,647,647,647,647,647
651.5,651.5,651.5,651.5,651.5,651.5,651.5,651.5,651.5,651.5,651.5,651.5,651.5,651.5,651.5,651.5,651.5,651.5,651.5,651.5,651.5,651.5,651.5,651.5,651.5,651.5,651.5,651.5,651.5,651.5,651.5,651.5,651.5,651.5,651.5,651.5,651.5,651.5,651.5,651.5,651.5,651.5,651.5,651.5,651.5,651.5,651.5,651.5,651.5,651.5,651.5,651.5,651.5,651.5,651.5,651.5,651.5,651.5,651.5,651.5,651.5,651.5,651.5,651.5,651.5,651.5,651.5,651.5,651.5,651.5,651.5,651.5,651.5,651.5,651.5,651.5,651.5,651.5,651.5,651.5,651.5,651.5,651.5,651.5,651.5,651.5,651.5,651.5,651.5,651.5,651.5,651.5,651.5,651.5,651.5,651.5,651.5,651.5,651.5,651.5
656,656,656,656,656,656,656,656,656,656,656,656,656,656,656,656,656,656,656,656,656,656,656,656,656,656,656,656,656,656,656,656,656,656,656,656,656,656,656,656,656,656,656,656,656,656,656,656,656,656,656,656,656,656,656,656,656,656,656,656,656,656,656,656,656,656,656,656,656,656,656,656,656,656,656,656,656,656,656,656,656,656,656,656,656,656,656,656,656,656,656,656,656,656,656,656,656,656,656,656
661,661,661,661,661,661,661,661,661,661,661,661,661,661,661,661,661,661,661,661,661,661,661,661,661,661,661,661,661,661,661,661,661,661,661,661,661,661,661,661,661,661,661,661,661,661,661,661,661,661,661,661,661,661,661,661,661,661,661,661,661,661,661,661,661,661,661,661,661,661,661,661,661,661,661,661,661,661,661,661,661,661,661,661,661,661,661,661,661,661,661,661,661,661,661,661,661,661,661,661
666,666,666,666,666,666,666,666,666,666,666,666,666,666,666,666,666,666,666,666,666,666,666,666,666,666,666,666,666,666,666,666,666,666,666,666,666,666,666,666,666,666,666,666,666,666,666,666,666,666,666,666,666,666,666,666,666,666,666,666,666,666,666,666,666,666,666,666,666,666,666,666,666,666,666,666,666,666,666,666,666,666,666,666,666,666,666,666,666,666,666,666,666,666,666,666,666,666,666,666
670.5,670.5,670.5,670.5,670.5,670.5,670.5,670.5,670.5,670.5,670.5,670.5,670.5,670.5,670.5,670.5,670.5,670.5,670.5,670.5,670.5,670.5,670.5,670.5,670.5,670.5,670.5,670.5,670.5,670.5,670.5,670.5,670.5,670.5,670.5,670.5,670.5,670.5,670.5,670.5,670.5,670.5,670.5,670.5,670.5,670.5,670.5,670.5,670.5,670.5,670.5,670.5,670.5,670.5,670.5,670.5,670.5,670.5,670.5,670.5,670.5,670.5,670.5,670.5,670.5,670.5,670.5,670.5,670.5,670.5,670.5,670.5,670.5,670.5,670.5,670.5,670.5,670.5,670.5,670.5,670.5,670.5,670.5,670.5,670.5,670.5,670.5,670.5,670.5,670.5,670.5,670.5,670.5,670.5,670.5,670.5,670.5,670.5,670.5,670.5
675,675,675,675,675,675,675,675,675,675,675,675,675,675,675,675,675,675,675,675,675,675,675,675,675,675,675,675,675,675,675,675,675,675,675,675,675,675,675,675,675,675,675,675,675,675,675,675,675,675,675,675,675,675,675,675,675,675,675,675,675,675,675,675,675,675,675,675,675,675,675,675,675,675,675,675,675,675,675,675,675,675,675,675,675,675,675,675,675,675,675,675,675,675,675,675,675,675,675,675
680,680,680,680,680,680,680,680,680,680,680,680,680,680,680,680,680,680,680,680,680,680,680,680,680,680,680,680,680,680,680,680,680,680,680,680,680,680,680,680,680,680,680,680,680,680,680,680,680,680,680,680,680,680,680,680,680,680,680,680,680,680,680,680,680,680,680,680,680,680,680,680,680,680,680,680,680,680,680,680,680,680,680,680,680,680,680,680,680,680,680,680,680,680,680,680,680,680,680,680
685,685,685,685,685,685,685,685,685,685,685,685,685,685,685,685,685,685,685,685,685,685,685,685,685,685,685,685,685,685,685,685,685,685,685,685,685,685,685,685,685,685,685,685,685,685,685,685,685,685,685,685,685,685,685,685,685,685,685,685,685,685,685,685,685,685,685,685,685,685,685,685,685,685,685,685,685,685,685,685,685,685,685,685,685,685,685,685,685,685,685,685,685,685,685,685,685,685,685,685
689.5,689.5,689.5,689.5,689.5,689.5,689.5,689.5,689.5,689.5,689.5,689.5,689.5,689.5,689.5,689.5,689.5,689.5,689.5,689.5,689.5,689.5,689.5,689.5,689.5,689.5,689.5,689.5,689.5,689.5,689.5,689.5,689.5,689.5,689.5,689.5,689.5,689.5,689.5,689.5,689.5,689.5,689.5,689.5,689.5,689.5,689.5,689.5,689.5,689.5,689.5,689.5,689.5,689.5,689.5,689.5,689.5,689.5,689.5,689.5,689.5,689.5,689.5,689.5,689.5,689.5,689.5,689.5,689.5,689.5,689.5,689.5,689.5,689.5,689.5,689.5,689.5,689.5,689.5,689.5,689.5,689.5,689.5,689.5,689.5,689.5,689.5,689.5,689.5,689.5,689.5,689.5,689.5,689.5,689.5,689.5,689.5,689.5,689.5,689.5
694,694,694,694,694,694,694,694,694,694,694,694,694,694,694,694,694,694,694,694,694,694,694,694,694,694,694,694,694,694,694,694,694,694,694,694,694,694,694,694,694,694,694,694,694,694,694,694,694,694,694,694,694,694,694,694,694,694,694,694,694,694,694,694,694,694,694,694,694,694,694,694,694,694,694,694,694,694,694,694,694,694,694,694,694,694,694,694,694,694,694,694,694,694,694,694,694,694,694,694
699,699,699,699,699,699,699,699,699,699,699,699,699,699,699,699,699,699,699,699,699,699,699,699,699,699,699,699,699,699,699,699,699,699,699,699,699,699,699,699,699,699,699,699,699,699,699,699,699,699,699,699,699,699,699,699,699,699,699,699,699,699,699,699,699,699,699,699,699,699,699,699,699,699,699,699,699,699,699,699,699,699,699,699,699,699,699,699,699,699,699,699,699,699,699,699,699,699,699,699
704,704,704,704,704,704,704,704,704,704,704,704,704,704,704,704,704,704,704,704,704,704,704,704,704,704,704,704,704,704,704,704,704,704,704,704,704,704,704,704,704,704,704,704,704,704,704,704,704,704,704,704,704,704,704,704,704,704,704,704,704,704,704,704,704,704,704,704,704,704,704,704,704,704,704,704,704,704,704,704,704,704,704,704,704,704,704,704,704,704,704,704,704,704,704,704,704,704,704,704
708.5,708.5,708.5,708.5,708.5,708.5,708.5,708.5,708.5,708.5,708.5,708.5,708.5,708.5,708.5,708.5,708.5,708.5,708.5,708.5,708.5,708.5,708.5,708.5,708.5,708.5,708.5,708.5,708.5,708.5,708.5,708.5,708.5,708.5,708.5,708.5,708.5,708.5,708.5,708.5,708.5,708.5,708.5,708.5,708.5,708.5,708.5,708.5,708.5,708.5,708.5,708.5,708.5,708.5,708.5,708.5,708.5,708.5,708.5,708.5,708.5,708.5,708.5,708.5,708.5,708.5,708.5,708.5,708.5,708.5,708.5,708.5,708.5,708.5,708.5,708.5,708.5,708.5,708.5,708.5,708.5,708.5,708.5,708.5,708.5,708.5,708.5,708.5,708.5,708.5,708.5,708.5,708.5,708.5,708.5,708.5,708.5,708.5,708.5,708.5
713,713,713,713,713,713,713,713,713,713,713,713,713,713,713,713,713,713,713,713,713,713,713,713,713,713,713,713,713,713,713,713,713,713,713,713,713,713,713,713,713,713,713,713,713,713,713,713,713,713,713,713,713,713,713,713,713,713,713,713,713,713,713,713,713,713,713,713,713,713,713,713,713,713,713,713,713,713,713,713,713,713,713,713,713,713,713,713,713,713,713,713,713,713,713,713,713,713,713,713
718,718,718,718,718,718,718,718,718,718,718,718,718,718,718,718,718,718,718,718,718,718,718,718,718,718,718,718,718,718,718,718,718,718,718,718,718,718,718,718,718,718,718,718,718,718,718,718,718,718,718,718,718,718,718,718,718,718,718,718,718,718,718,718,718,718,718,718,718,718,718,718,718,718,718,718,718,718,718,718,718,718,718,718,718,718,718,718,718,718,718,718,718,718,718,718,718,718,718,718
723,723,723,723,723,723,723,723,723,723,723,723,723,723,723,723,723,723,723,723,723,723,723,723,723,723,723,723,723,723,723,723,723,723,723,723,723,723,723,723,723,723,723,723,723,723,723,723,723,723,723,723,723,723,723,723,723,723,723,723,723,723,723,723,723,723,723,723,723,723,723,723,723,723,723,723,723,723,723,723,723,723,723,723,723,723,723,723,723,723,723,723,723,723,723,723,723,723,723,723
727.5,727.5,727.5,727.5,727.5,727.5,727.5,727.5,727.5,727.5,727.5,727.5,727.5,727.5,727.5,727.5,727.5,727.5,727.5,727.5,727.5,727.5,727.5,727.5,727.5,727.5,727.5,727.5,727.5,727.5,727.5,727.5,727.5,727.5,727.5,727.5,727.5,727.5,727.5,727.5,727.5,727.5,727.5,727.5,727.5,727.5,727.5,727.5,727.5,727.5,727.5,727.5,727.5,727.5,727.5,727.5,727.5,727.5,727.5,727.5,727.5,727.5,727.5,727.5,727.5,727.5,727.5,727.5,727.5,727.5,727.5,727.5,727.5,727.5,727.5,727.5,727.5,727.5,727.5,727.5,727.5,727.5,727.5,727.5,727.5,727.5,727.5,727.5,727.5,727.5,727.5,727.5,727.5,727.5,727.5,727.5,727.5,727.5,727.5,727.5
732,732,732,732,732,732,732,732,732,732,732,732,732,732,732,732,732,732,732,732,732,732,732,732,732,732,732,732,732,732,732,732,732,732,732,732,732,732,732,732,732,732,732,732,732,732,732,732,732,732,732,732,732,732,732,732,732,732,732,732,732,732,732,732,732,732,732,732,732,732,732,732,732,732,732,732,732,732,732,732,732,732,732,732,732,732,732,732,732,732,732,732,732,732,732,732,732,732,732,732
737,737,737,737,737,737,737,737,737,737,737,737,737,737,737,737,737,737,737,737,737,737,737,737,737,737,737,737,737,737,737,737,737,737,737,737,737,737,737,737,737,737,737,737,737,737,737,737,737,737,737,737,737,737,737,737,737,737,737,737,737,737,737,737,737,737,737,737,737,737,737,737,737,737,737,737,737,737,737,737,737,737,737,737,737,737,737,737,737,737,737,737,737,737,737,737,737,737,737,737
742,742,742,742,742,742,742,742,742,742,742,742,742,742,742,742,742,742,742,742,742,742,742,742,742,742,742,742,742,742,742,742,742,742,742,742,742,742,742,742,742,742,742,742,742,742,742,742,742,742,742,742,742,742,742,742,742,742,742,742,742,742,742,742,742,742,742,742,742,742,742,742,742,742,742,742,742,742,742,742,742,742,742,742,742,742,742,742,742,742,742,742,742,742,742,742,742,742,742,742
746.5,746.5,746.5,746.5,746.5,746.5,746.5,746.5,746.5,746.5,746.5,746.5,746.5,746.5,746.5,746.5,746.5,746.5,746.5,746.5,746.5,746.5,746.5,746.5,746.5,746.5,746.5,746.5,746.5,746.5,746.5,746.5,746.5,746.5,746.5,746.5,746.5,746.5,746.5,746.5,746.5,746.5,746.5,746.5,746.5,746.5,746.5,746.5,746.5,746.5,746.5,746.5,746.5,746.5,746.5,746.5,746.5,746.5,746.5,746.5,746.5,746.5,746.5,746.5,746.5,746.5,746.5,746.5,746.5,746.5,746.5,746.5,746.5,746.5,746.5,746.5,746.5,746.5,746.5,746.5,746.5,746.5,746.5,746.5,746.5,746.5,746.5,746.5,746.5,746.5,746.5,746.5,746.5,746.5,746.5,746.5,746.5,746.5,746.5,746.5
751,751,751,751,751,751,751,751,751,751,751,751,751,751,751,751,751,751,751,751,751,751,751,751,751,751,751,751,751,751,751,751,751,751,751,751,751,751,751,751,751,751,751,751,751,751,751,751,751,751,751,751,751,751,751,751,751,751,751,751,751,751,751,751,751,751,751,751,751,751,751,751,751,751,751,751,751,751,751,751,751,751,751,751,751,751,751,751,751,751,751,751,751,751,751,751,751,751,751,751
756,756,756,756,756,756,756,756,756,756,756,756,756,756,756,756,756,756,756,756,756,756,756,756,756,756,756,756,756,756,756,756,756,756,756,756,756,756,756,756,756,756,756,756,756,756,756,756,756,756,756,756,756,756,756,756,756,756,756,756,756,756,756,756,756,756,756,756,756,756,756,756,756,756,756,756,756,756,756,756,756,756,756,756,756,756,756,756,756,756,756,756,756,756,756,756,756,756,756,756
761,761,761,761,761,761,761,761,761,761,761,761,761,761,761,761,761,761,761,761,761,761,761,761,761,761,761,761,761,761,761,761,761,761,761,761,761,761,761,761,761,761,761,761,761,761,761,761,761,761,761,761,761,761,761,761,761,761,761,761,761,761,761,761,761,761,761,761,761,761,761,761,761,761,761,761,761,761,761,761,761,761,761,761,761,761,761,761,761,761,761,761,761,761,761,761,761,761,761,761
765.5,765.5,765.5,765.5,765.5,765.5,765.5,765.5,765.5,765.5,765.5,765.5,765.5,765.5,765.5,765.5,765.5,765.5,765.5,765.5,765.5,765.5,765.5,765.5,765.5,765.5,765.5,765.5,765.5,765.5,765.5,765.5,765.5,765.5,765.5,765.5,765.5,765.5,765.5,765.5,765.5,765.5,765.5,765.5,765.5,765.5,765.5,765.5,765.5,765.5,765.5,765.5,765.5,765.5,765.5,765.5,765.5,765.5,765.5,765.5,765.5,765.5,765.5,765.5,765.5,765.5,765.5,765.5,765.5,765.5,765.5,765.5,765.5,765.5,765.5,765.5,765.5,765.5,765.5,765.5,765.5,765.5,765.5,765.5,765.5,765.5,765.5,765.5,765.5,765.5,765.5,765.5,765.5,765.5,765.5,765.5,765.5,765.5,765.5,765.5
770,770,770,770,770,770,770,770,770,770,770,770,770,770,770,770,770,770,770,770,770,770,770,770,770,770,770,770,770,770,770,770,770,770,770,770,770,770,770,770,770,770,770,770,770,770,770,770,770,770,770,770,770,770,770,770,770,770,770,770,770,770,770,770,770,770,770,770,770,770,770,770,770,770,770,770,770,770,770,770,770,770,770,770,770,770,770,770,770,770,770,770,770,770,770,770,770,770,770,770
